Time,Funding Rate
2021-07-01 01:00:00,0.0001
2021-07-01 09:00:00,0.0001
2021-07-01 17:00:00,0.0001
2021-07-02 01:00:00,8.304e-05
2021-07-02 09:00:00,0.0001
2021-07-02 17:00:00,-0.00012187
2021-07-03 01:00:00,-4.866e-05
2021-07-03 09:00:00,-0.0001355
2021-07-03 17:00:00,3.53e-05
2021-07-04 01:00:00,3.235e-05
2021-07-04 09:00:00,-0.0001527
2021-07-04 17:00:00,4.428e-05
2021-07-05 01:00:00,0.0001
2021-07-05 09:00:00,0.0001
2021-07-05 17:00:00,-0.0001044
2021-07-06 01:00:00,-6.81e-06
2021-07-06 09:00:00,-0.0001114
2021-07-06 17:00:00,-8.213e-05
2021-07-07 01:00:00,-0.00013362
2021-07-07 09:00:00,0.0001
2021-07-07 17:00:00,0.0001
2021-07-08 01:00:00,1.382e-05
2021-07-08 09:00:00,-6.403e-05
2021-07-08 17:00:00,-0.0002808
2021-07-09 01:00:00,-0.00010885
2021-07-09 09:00:00,-0.00017364
2021-07-09 17:00:00,-0.00018845
2021-07-10 01:00:00,-8.1e-07
2021-07-10 09:00:00,7.847e-05
2021-07-10 17:00:00,7.2e-07
2021-07-11 01:00:00,7.785e-05
2021-07-11 09:00:00,0.0001
2021-07-11 17:00:00,-3.373e-05
2021-07-12 01:00:00,8.851e-05
2021-07-12 09:00:00,3.463e-05
2021-07-12 17:00:00,0.0001
2021-07-13 01:00:00,0.0001
2021-07-13 09:00:00,0.0001
2021-07-13 17:00:00,5.2e-07
2021-07-14 01:00:00,0.0001
2021-07-14 09:00:00,1.317e-05
2021-07-14 17:00:00,-0.00011753
2021-07-15 01:00:00,-4.883e-05
2021-07-15 09:00:00,0.0001
2021-07-15 17:00:00,1.576e-05
2021-07-16 01:00:00,-0.00011529
2021-07-16 09:00:00,6.105e-05
2021-07-16 17:00:00,1.073e-05
2021-07-17 01:00:00,0.0001
2021-07-17 09:00:00,-4.343e-05
2021-07-17 17:00:00,2.365e-05
2021-07-18 01:00:00,0.0001
2021-07-18 09:00:00,0.0001
2021-07-18 17:00:00,-4.434e-05
2021-07-19 01:00:00,-7.51e-05
2021-07-19 09:00:00,3.183e-05
2021-07-19 17:00:00,-1.23e-05
2021-07-20 01:00:00,-0.00015687
2021-07-20 09:00:00,-0.00012569
2021-07-20 17:00:00,-0.00018939
2021-07-21 01:00:00,-0.00022869
2021-07-21 09:00:00,-0.00039139
2021-07-21 17:00:00,-0.00032314
2021-07-22 01:00:00,-0.00016261
2021-07-22 09:00:00,1.362e-05
2021-07-22 17:00:00,1.374e-05
2021-07-23 01:00:00,3.44e-06
2021-07-23 09:00:00,-0.00016985
2021-07-23 17:00:00,-9.9e-06
2021-07-24 01:00:00,-7.246e-05
2021-07-24 09:00:00,-0.00013379
2021-07-24 17:00:00,-0.00010603
2021-07-25 01:00:00,-0.00025685
2021-07-25 09:00:00,-0.00021708
2021-07-25 17:00:00,-5.198e-05
2021-07-26 01:00:00,-0.00054841
2021-07-26 09:00:00,0.0001
2021-07-26 17:00:00,0.0001
2021-07-27 01:00:00,0.0001
2021-07-27 09:00:00,0.0001
2021-07-27 17:00:00,-2.248e-05
2021-07-28 01:00:00,-2.037e-05
2021-07-28 09:00:00,0.0001
2021-07-28 17:00:00,0.0001
2021-07-29 01:00:00,1.493e-05
2021-07-29 09:00:00,8.276e-05
2021-07-29 17:00:00,0.0001
2021-07-30 01:00:00,0.0001
2021-07-30 09:00:00,0.0001
2021-07-30 17:00:00,-2.377e-05
2021-07-31 01:00:00,0.0001
2021-07-31 09:00:00,0.0001
2021-07-31 17:00:00,0.0001
2021-08-01 01:00:00,0.0001
2021-08-01 09:00:00,0.0001
2021-08-01 17:00:00,0.0001
2021-08-02 01:00:00,0.0001
2021-08-02 09:00:00,0.0001
2021-08-02 17:00:00,0.0001
2021-08-03 01:00:00,0.0001
2021-08-03 09:00:00,0.0001
2021-08-03 17:00:00,0.0001
2021-08-04 01:00:00,0.0001
2021-08-04 09:00:00,0.0001
2021-08-04 17:00:00,1.272e-05
2021-08-05 01:00:00,0.0001
2021-08-05 09:00:00,0.0001
2021-08-05 17:00:00,0.0001
2021-08-06 01:00:00,0.0001
2021-08-06 09:00:00,0.0001
2021-08-06 17:00:00,0.0001
2021-08-07 01:00:00,0.0001
2021-08-07 09:00:00,0.0001
2021-08-07 17:00:00,0.0001
2021-08-08 01:00:00,0.0001
2021-08-08 09:00:00,0.0001
2021-08-08 17:00:00,0.0001
2021-08-09 01:00:00,0.0001
2021-08-09 09:00:00,0.0001
2021-08-09 17:00:00,0.0001
2021-08-10 01:00:00,0.0001
2021-08-10 09:00:00,0.0001
2021-08-10 17:00:00,0.0001
2021-08-11 01:00:00,0.0001
2021-08-11 09:00:00,0.0001
2021-08-11 17:00:00,0.0001
2021-08-12 01:00:00,0.0001
2021-08-12 09:00:00,0.0001
2021-08-12 17:00:00,0.0001
2021-08-13 01:00:00,0.0001
2021-08-13 09:00:00,0.0001
2021-08-13 17:00:00,0.0001
2021-08-14 01:00:00,0.0001
2021-08-14 09:00:00,0.0001
2021-08-14 17:00:00,0.0001
2021-08-15 01:00:00,0.0001
2021-08-15 09:00:00,0.0001
2021-08-15 17:00:00,0.0001
2021-08-16 01:00:00,0.0001
2021-08-16 09:00:00,0.0001
2021-08-16 17:00:00,0.00013924
2021-08-17 01:00:00,0.0001
2021-08-17 09:00:00,0.0001
2021-08-17 17:00:00,0.0001
2021-08-18 01:00:00,0.0001
2021-08-18 09:00:00,0.0001
2021-08-18 17:00:00,0.0001
2021-08-19 01:00:00,0.0001
2021-08-19 09:00:00,0.0001
2021-08-19 17:00:00,0.0001
2021-08-20 01:00:00,0.0001
2021-08-20 09:00:00,0.00011483
2021-08-20 17:00:00,0.00014278
2021-08-21 01:00:00,0.0001
2021-08-21 09:00:00,0.00020013
2021-08-21 17:00:00,0.00016694
2021-08-22 01:00:00,0.0001
2021-08-22 09:00:00,0.0001
2021-08-22 17:00:00,0.00014813
2021-08-23 01:00:00,0.0001
2021-08-23 09:00:00,0.0003918
2021-08-23 17:00:00,0.00023983
2021-08-24 01:00:00,0.000293
2021-08-24 09:00:00,0.0001
2021-08-24 17:00:00,0.00041348
2021-08-25 01:00:00,0.00019568
2021-08-25 09:00:00,0.0001
2021-08-25 17:00:00,0.0001
2021-08-26 01:00:00,0.0001
2021-08-26 09:00:00,0.00021865
2021-08-26 17:00:00,0.0001
2021-08-27 01:00:00,0.0001
2021-08-27 09:00:00,0.0001
2021-08-27 17:00:00,0.0001
2021-08-28 01:00:00,0.0001
2021-08-28 09:00:00,0.0003224
2021-08-28 17:00:00,0.00023137
2021-08-29 01:00:00,0.0001
2021-08-29 09:00:00,0.0001
2021-08-29 17:00:00,0.0001
2021-08-30 01:00:00,0.0001
2021-08-30 09:00:00,0.0001
2021-08-30 17:00:00,0.0002255
2021-08-31 01:00:00,0.00036162
2021-08-31 09:00:00,0.00027795
2021-08-31 17:00:00,0.00023354
2021-09-01 01:00:00,0.00044618
2021-09-01 09:00:00,0.00027256
2021-09-01 17:00:00,0.00033967
2021-09-02 01:00:00,0.0004052
2021-09-02 09:00:00,0.0004869
2021-09-02 17:00:00,0.00057405
2021-09-03 01:00:00,0.00047856
2021-09-03 09:00:00,0.00033375
2021-09-03 17:00:00,0.00024375
2021-09-04 01:00:00,0.00043928
2021-09-04 09:00:00,0.00011799
2021-09-04 17:00:00,0.00019219
2021-09-05 01:00:00,0.0001
2021-09-05 09:00:00,0.0001
2021-09-05 17:00:00,0.0001
2021-09-06 01:00:00,0.00026783
2021-09-06 09:00:00,0.0001
2021-09-06 17:00:00,0.0001
2021-09-07 01:00:00,0.0001
2021-09-07 09:00:00,0.0001
2021-09-07 17:00:00,0.00022977
2021-09-08 01:00:00,0.0001
2021-09-08 09:00:00,0.0001
2021-09-08 17:00:00,0.0001
2021-09-09 01:00:00,0.0001
2021-09-09 09:00:00,0.0001
2021-09-09 17:00:00,0.0001
2021-09-10 01:00:00,0.0001
2021-09-10 09:00:00,0.0001
2021-09-10 17:00:00,0.00011115
2021-09-11 01:00:00,0.0001
2021-09-11 09:00:00,0.0001
2021-09-11 17:00:00,0.0001
2021-09-12 01:00:00,0.0001
2021-09-12 09:00:00,0.0001
2021-09-12 17:00:00,0.0001
2021-09-13 01:00:00,0.0001
2021-09-13 09:00:00,0.0001
2021-09-13 17:00:00,0.0001
2021-09-14 01:00:00,0.0001
2021-09-14 09:00:00,0.0001
2021-09-14 17:00:00,0.0001
2021-09-15 01:00:00,0.0001
2021-09-15 09:00:00,0.0001
2021-09-15 17:00:00,0.0001
2021-09-16 01:00:00,0.0001
2021-09-16 09:00:00,0.0001
2021-09-16 17:00:00,0.0001
2021-09-17 01:00:00,0.0001
2021-09-17 09:00:00,0.0001
2021-09-17 17:00:00,0.0001
2021-09-18 01:00:00,0.0001
2021-09-18 09:00:00,0.0001
2021-09-18 17:00:00,0.0001
2021-09-19 01:00:00,0.0001
2021-09-19 09:00:00,0.0001
2021-09-19 17:00:00,0.0001
2021-09-20 01:00:00,0.0001
2021-09-20 09:00:00,0.0001
2021-09-20 17:00:00,0.0001
2021-09-21 01:00:00,0.0001
2021-09-21 09:00:00,0.0001
2021-09-21 17:00:00,0.0001
2021-09-22 01:00:00,0.0001
2021-09-22 09:00:00,0.0001
2021-09-22 17:00:00,0.0001
2021-09-23 01:00:00,4.744e-05
2021-09-23 09:00:00,7.835e-05
2021-09-23 17:00:00,0.0001
2021-09-24 01:00:00,-7.856e-05
2021-09-24 09:00:00,-8.536e-05
2021-09-24 17:00:00,3.978e-05
2021-09-25 01:00:00,0.0001
2021-09-25 09:00:00,5.629e-05
2021-09-25 17:00:00,0.0001
2021-09-26 01:00:00,2.457e-05
2021-09-26 09:00:00,0.0001
2021-09-26 17:00:00,-1.686e-05
2021-09-27 01:00:00,0.0001
2021-09-27 09:00:00,0.0001
2021-09-27 17:00:00,0.0001
2021-09-28 01:00:00,2.549e-05
2021-09-28 09:00:00,3.318e-05
2021-09-28 17:00:00,9.756e-05
2021-09-29 01:00:00,4.448e-05
2021-09-29 09:00:00,3.757e-05
2021-09-29 17:00:00,5.661e-05
2021-09-30 01:00:00,0.0001
2021-09-30 09:00:00,0.0001
2021-09-30 17:00:00,9.235e-05
2021-10-01 01:00:00,2.202e-05
2021-10-01 09:00:00,-2.693e-05
2021-10-01 17:00:00,0.0001
2021-10-02 01:00:00,5.277e-05
2021-10-02 09:00:00,3.519e-05
2021-10-02 17:00:00,5.938e-05
2021-10-03 01:00:00,0.0001
2021-10-03 09:00:00,0.0001
2021-10-03 17:00:00,0.0001
2021-10-04 01:00:00,0.0001
2021-10-04 09:00:00,0.0001
2021-10-04 17:00:00,0.0001
2021-10-05 01:00:00,0.0001
2021-10-05 09:00:00,-2.427e-05
2021-10-05 17:00:00,1.61e-06
2021-10-06 01:00:00,0.0001
2021-10-06 09:00:00,0.0001
2021-10-06 17:00:00,0.0001
2021-10-07 01:00:00,0.0001
2021-10-07 09:00:00,0.0002918
2021-10-07 17:00:00,0.00032669
2021-10-08 01:00:00,0.00033379
2021-10-08 09:00:00,0.00023355
2021-10-08 17:00:00,0.00013417
2021-10-09 01:00:00,0.0001
2021-10-09 09:00:00,0.0001
2021-10-09 17:00:00,0.00015717
2021-10-10 01:00:00,0.0001
2021-10-10 09:00:00,0.00020906
2021-10-10 17:00:00,0.0001
2021-10-11 01:00:00,0.0001
2021-10-11 09:00:00,0.0001
2021-10-11 17:00:00,0.0001
2021-10-12 01:00:00,0.0001
2021-10-12 09:00:00,0.0001
2021-10-12 17:00:00,0.0001
2021-10-13 01:00:00,0.0001
2021-10-13 09:00:00,0.0001
2021-10-13 17:00:00,0.0001
2021-10-14 01:00:00,0.0001
2021-10-14 09:00:00,0.00022797
2021-10-14 17:00:00,0.00017282
2021-10-15 01:00:00,0.0001
2021-10-15 09:00:00,0.00036685
2021-10-15 17:00:00,0.0001
2021-10-16 01:00:00,0.00048084
2021-10-16 09:00:00,0.00027876
2021-10-16 17:00:00,0.00043303
2021-10-17 01:00:00,0.00031281
2021-10-17 09:00:00,0.00040131
2021-10-17 17:00:00,0.0004425
2021-10-18 01:00:00,0.00038415
2021-10-18 09:00:00,0.00022227
2021-10-18 17:00:00,0.0001
2021-10-19 01:00:00,0.0001
2021-10-19 09:00:00,0.00014974
2021-10-19 17:00:00,0.0001
2021-10-20 01:00:00,0.0001
2021-10-20 09:00:00,0.0001
2021-10-20 17:00:00,0.00063237
2021-10-21 01:00:00,0.00068927
2021-10-21 09:00:00,0.00057124
2021-10-21 17:00:00,0.00062183
2021-10-22 01:00:00,0.00033487
2021-10-22 09:00:00,0.00024509
2021-10-22 17:00:00,0.00033222
2021-10-23 01:00:00,0.00026183
2021-10-23 09:00:00,0.00014854
2021-10-23 17:00:00,0.0001739
2021-10-24 01:00:00,0.00030335
2021-10-24 09:00:00,0.00037238
2021-10-24 17:00:00,0.00032862
2021-10-25 01:00:00,0.00048777
2021-10-25 09:00:00,0.00020028
2021-10-25 17:00:00,0.00017861
2021-10-26 01:00:00,0.00040992
2021-10-26 09:00:00,0.00060638
2021-10-26 17:00:00,0.00055995
2021-10-27 01:00:00,0.00033175
2021-10-27 09:00:00,0.00030309
2021-10-27 17:00:00,0.00023017
2021-10-28 01:00:00,0.00015574
2021-10-28 09:00:00,0.0001
2021-10-28 17:00:00,0.00013782
2021-10-29 01:00:00,0.0002352
2021-10-29 09:00:00,0.00024122
2021-10-29 17:00:00,0.00017968
2021-10-30 01:00:00,0.00016972
2021-10-30 09:00:00,0.00038483
2021-10-30 17:00:00,0.00023181
2021-10-31 01:00:00,0.00019088
2021-10-31 08:00:00,0.00048915
2021-10-31 16:00:00,0.00043874
2021-11-01 00:00:00,0.00032554
2021-11-01 08:00:00,0.00031437
2021-11-01 16:00:00,0.00056812
2021-11-02 00:00:00,0.00015524
2021-11-02 08:00:00,0.00033216
2021-11-02 16:00:00,0.00047797
2021-11-03 00:00:00,0.0008207
2021-11-03 08:00:00,0.00043965
2021-11-03 16:00:00,0.00031399
2021-11-04 00:00:00,0.00045987
2021-11-04 08:00:00,0.0005075
2021-11-04 16:00:00,0.00046368
2021-11-05 00:00:00,0.00018372
2021-11-05 08:00:00,0.00018568
2021-11-05 16:00:00,0.00041167
2021-11-06 00:00:00,0.00053155
2021-11-06 08:00:00,0.00045326
2021-11-06 16:00:00,0.00037687
2021-11-07 00:00:00,0.00017244
2021-11-07 08:00:00,0.00036277
2021-11-07 16:00:00,0.00037438
2021-11-08 00:00:00,0.00025861
2021-11-08 08:00:00,0.00049328
2021-11-08 16:00:00,0.0004876
2021-11-09 00:00:00,0.00038683
2021-11-09 08:00:00,0.00039251
2021-11-09 16:00:00,0.00067839
2021-11-10 00:00:00,0.00037679
2021-11-10 08:00:00,0.00068212
2021-11-10 16:00:00,0.00057535
2021-11-11 00:00:00,0.00023211
2021-11-11 08:00:00,0.0001
2021-11-11 16:00:00,0.00021812
2021-11-12 00:00:00,0.00018008
2021-11-12 08:00:00,0.00035543
2021-11-12 16:00:00,0.00036867
2021-11-13 00:00:00,0.00015442
2021-11-13 08:00:00,0.00031732
2021-11-13 16:00:00,0.00021842
2021-11-14 00:00:00,0.00013962
2021-11-14 08:00:00,0.0001
2021-11-14 16:00:00,0.00013059
2021-11-15 00:00:00,0.00016126
2021-11-15 08:00:00,0.00020745
2021-11-15 16:00:00,0.00040989
2021-11-16 00:00:00,0.00035998
2021-11-16 08:00:00,0.0001
2021-11-16 16:00:00,0.0001
2021-11-17 00:00:00,0.0001
2021-11-17 08:00:00,0.00013155
2021-11-17 16:00:00,0.0001
2021-11-18 00:00:00,0.0001
2021-11-18 08:00:00,0.0001
2021-11-18 16:00:00,0.00011235
2021-11-19 00:00:00,0.0001
2021-11-19 08:00:00,0.0001
2021-11-19 16:00:00,0.0001
2021-11-20 00:00:00,0.0001
2021-11-20 08:00:00,0.0001
2021-11-20 16:00:00,0.0001
2021-11-21 00:00:00,0.0001
2021-11-21 08:00:00,0.0001
2021-11-21 16:00:00,0.0001
2021-11-22 00:00:00,0.0001
2021-11-22 08:00:00,0.0001
2021-11-22 16:00:00,0.0001
2021-11-23 00:00:00,0.0001
2021-11-23 08:00:00,0.00012897
2021-11-23 16:00:00,0.0001
2021-11-24 00:00:00,0.0001
2021-11-24 08:00:00,0.0001
2021-11-24 16:00:00,0.0001201
2021-11-25 00:00:00,0.00014549
2021-11-25 08:00:00,0.00016775
2021-11-25 16:00:00,0.00011888
2021-11-26 00:00:00,0.00013863
2021-11-26 08:00:00,0.00033741
2021-11-26 16:00:00,0.0001
2021-11-27 00:00:00,0.00010824
2021-11-27 08:00:00,0.0001
2021-11-27 16:00:00,0.0001
2021-11-28 00:00:00,0.0001
2021-11-28 08:00:00,0.0001
2021-11-28 16:00:00,0.0001
2021-11-29 00:00:00,0.0001
2021-11-29 08:00:00,0.0001
2021-11-29 16:00:00,0.00020774
2021-11-30 00:00:00,0.0002781
2021-11-30 08:00:00,0.0001
2021-11-30 16:00:00,0.0001
2021-12-01 00:00:00,0.00012689
2021-12-01 08:00:00,0.00029146
2021-12-01 16:00:00,0.0001
2021-12-02 00:00:00,0.00015951
2021-12-02 08:00:00,0.0001
2021-12-02 16:00:00,0.0001
2021-12-03 00:00:00,0.0001
2021-12-03 08:00:00,0.00011686
2021-12-03 16:00:00,0.00027198
2021-12-04 00:00:00,0.0001
2021-12-04 08:00:00,6.285e-05
2021-12-04 16:00:00,2.893e-05
2021-12-05 00:00:00,8.272e-05
2021-12-05 08:00:00,9.001e-05
2021-12-05 16:00:00,0.0001
2021-12-06 00:00:00,0.0001
2021-12-06 08:00:00,0.0001
2021-12-06 16:00:00,0.0001
2021-12-07 00:00:00,0.0001
2021-12-07 08:00:00,3.977e-05
2021-12-07 16:00:00,0.0001
2021-12-08 00:00:00,0.0001
2021-12-08 08:00:00,0.0001
2021-12-08 16:00:00,0.0001
2021-12-09 00:00:00,0.0001
2021-12-09 08:00:00,0.0001
2021-12-09 16:00:00,0.0001
2021-12-10 00:00:00,0.0001
2021-12-10 08:00:00,0.0001
2021-12-10 16:00:00,0.0001
2021-12-11 00:00:00,0.0001
2021-12-11 08:00:00,0.0001
2021-12-11 16:00:00,0.0001
2021-12-12 00:00:00,0.0001
2021-12-12 08:00:00,0.0001
2021-12-12 16:00:00,0.0001
2021-12-13 00:00:00,0.0001
2021-12-13 08:00:00,0.0001
2021-12-13 16:00:00,0.0001
2021-12-14 00:00:00,-4.93e-06
2021-12-14 08:00:00,0.0001
2021-12-14 16:00:00,8.838e-05
2021-12-15 00:00:00,0.0001
2021-12-15 08:00:00,0.0001
2021-12-15 16:00:00,0.0001
2021-12-16 00:00:00,0.0001
2021-12-16 08:00:00,0.0001
2021-12-16 16:00:00,0.0001
2021-12-17 00:00:00,0.0001
2021-12-17 08:00:00,0.0001
2021-12-17 16:00:00,4.678e-05
2021-12-18 00:00:00,9.119e-05
2021-12-18 08:00:00,9.221e-05
2021-12-18 16:00:00,8.402e-05
2021-12-19 00:00:00,7.08e-05
2021-12-19 08:00:00,0.0001
2021-12-19 16:00:00,0.0001
2021-12-20 00:00:00,0.0001
2021-12-20 08:00:00,0.0001
2021-12-20 16:00:00,0.0001
2021-12-21 00:00:00,9.184e-05
2021-12-21 08:00:00,0.0001
2021-12-21 16:00:00,0.0001
2021-12-22 00:00:00,0.0001
2021-12-22 08:00:00,0.0001
2021-12-22 16:00:00,0.0001
2021-12-23 00:00:00,9.72e-05
2021-12-23 08:00:00,0.0001
2021-12-23 16:00:00,4.018e-05
2021-12-24 00:00:00,0.0001
2021-12-24 08:00:00,0.0001
2021-12-24 16:00:00,0.0001
2021-12-25 00:00:00,0.0001
2021-12-25 08:00:00,0.0001
2021-12-25 16:00:00,0.0001
2021-12-26 00:00:00,0.0001
2021-12-26 08:00:00,0.0001
2021-12-26 16:00:00,0.0001
2021-12-27 00:00:00,0.0001
2021-12-27 08:00:00,0.0001
2021-12-27 16:00:00,0.0001
2021-12-28 00:00:00,0.0001
2021-12-28 08:00:00,0.0001
2021-12-28 16:00:00,0.0001
2021-12-29 00:00:00,0.0001
2021-12-29 08:00:00,0.0001
2021-12-29 16:00:00,0.0001
2021-12-30 00:00:00,0.0001
2021-12-30 08:00:00,0.0001
2021-12-30 16:00:00,0.0001
2021-12-31 00:00:00,-3.102e-05
2021-12-31 08:00:00,0.0001
2021-12-31 16:00:00,0.0001
2022-01-01 00:00:00,0.0001
2022-01-01 08:00:00,0.0001
2022-01-01 16:00:00,0.0001
2022-01-02 00:00:00,0.0001
2022-01-02 08:00:00,0.0001
2022-01-02 16:00:00,0.0001
2022-01-03 00:00:00,0.0001
2022-01-03 08:00:00,0.0001
2022-01-03 16:00:00,0.0001
2022-01-04 00:00:00,0.0001
2022-01-04 08:00:00,0.0001
2022-01-04 16:00:00,0.0001
2022-01-05 00:00:00,0.0001
2022-01-05 08:00:00,0.0001
2022-01-05 16:00:00,0.0001
2022-01-06 00:00:00,0.0001
2022-01-06 08:00:00,0.0001
2022-01-06 16:00:00,0.0001
2022-01-07 00:00:00,0.0001
2022-01-07 08:00:00,0.0001
2022-01-07 16:00:00,0.0001
2022-01-08 00:00:00,0.0001
2022-01-08 08:00:00,0.0001
2022-01-08 16:00:00,0.0001
2022-01-09 00:00:00,0.0001
2022-01-09 08:00:00,0.0001
2022-01-09 16:00:00,0.0001
2022-01-10 00:00:00,0.0001
2022-01-10 08:00:00,4.522e-05
2022-01-10 16:00:00,0.0001
2022-01-11 00:00:00,0.0001
2022-01-11 08:00:00,7.394e-05
2022-01-11 16:00:00,0.0001
2022-01-12 00:00:00,-4.772e-05
2022-01-12 08:00:00,9.625e-05
2022-01-12 16:00:00,-5.342e-05
2022-01-13 00:00:00,-7.506e-05
2022-01-13 08:00:00,0.0001
2022-01-13 16:00:00,-6.081e-05
2022-01-14 00:00:00,5.92e-06
2022-01-14 08:00:00,-9.17e-05
2022-01-14 16:00:00,-6.655e-05
2022-01-15 00:00:00,2.282e-05
2022-01-15 08:00:00,0.0001
2022-01-15 16:00:00,2.661e-05
2022-01-16 00:00:00,9.07e-05
2022-01-16 08:00:00,-2.33e-05
2022-01-16 16:00:00,3.62e-05
2022-01-17 00:00:00,1.751e-05
2022-01-17 08:00:00,6.647e-05
2022-01-17 16:00:00,0.0001
2022-01-18 00:00:00,0.0001
2022-01-18 08:00:00,9.998e-05
2022-01-18 16:00:00,0.0001
2022-01-19 00:00:00,4.973e-05
2022-01-19 08:00:00,0.0001
2022-01-19 16:00:00,0.0001
2022-01-20 00:00:00,0.0001
2022-01-20 08:00:00,0.0001
2022-01-20 16:00:00,0.0001
2022-01-21 00:00:00,0.0001
2022-01-21 08:00:00,4.523e-05
2022-01-21 16:00:00,8.226e-05
2022-01-22 00:00:00,-1.051e-05
2022-01-22 08:00:00,4.122e-05
2022-01-22 16:00:00,0.0001
2022-01-23 00:00:00,0.0001
2022-01-23 08:00:00,-1.256e-05
2022-01-23 16:00:00,-1.573e-05
2022-01-24 00:00:00,3.48e-05
2022-01-24 08:00:00,5.605e-05
2022-01-24 16:00:00,5.009e-05
2022-01-25 00:00:00,0.0001
2022-01-25 08:00:00,8.126e-05
2022-01-25 16:00:00,-0.00010008
2022-01-26 00:00:00,6.76e-06
2022-01-26 08:00:00,-1.905e-05
2022-01-26 16:00:00,-4.13e-05
2022-01-27 00:00:00,-4.869e-05
2022-01-27 08:00:00,-0.00010186
2022-01-27 16:00:00,-7.554e-05
2022-01-28 00:00:00,-4.93e-06
2022-01-28 08:00:00,7.165e-05
2022-01-28 16:00:00,2.88e-05
2022-01-29 00:00:00,-1.093e-05
2022-01-29 08:00:00,5.239e-05
2022-01-29 16:00:00,-3.029e-05
2022-01-30 00:00:00,6.05e-05
2022-01-30 08:00:00,9.126e-05
2022-01-30 16:00:00,0.0001
2022-01-31 00:00:00,8.927e-05
2022-01-31 08:00:00,-7.369e-05
2022-01-31 16:00:00,-5.648e-05
2022-02-01 00:00:00,-4e-05
2022-02-01 08:00:00,6.113e-05
2022-02-01 16:00:00,-6.256e-05
2022-02-02 00:00:00,-2.905e-05
2022-02-02 08:00:00,0.0001
2022-02-02 16:00:00,2.553e-05
2022-02-03 00:00:00,-7.716e-05
2022-02-03 08:00:00,1.168e-05
2022-02-03 16:00:00,-1.533e-05
2022-02-04 00:00:00,1.462e-05
2022-02-04 08:00:00,-8.571e-05
2022-02-04 16:00:00,0.0001
2022-02-05 00:00:00,7.457e-05
2022-02-05 08:00:00,0.0001
2022-02-05 16:00:00,0.0001
2022-02-06 00:00:00,0.0001
2022-02-06 08:00:00,0.0001
2022-02-06 16:00:00,0.0001
2022-02-07 00:00:00,1.477e-05
2022-02-07 08:00:00,5.264e-05
2022-02-07 16:00:00,-9.617e-05
2022-02-08 00:00:00,0.0001
2022-02-08 08:00:00,0.0001
2022-02-08 16:00:00,0.0001
2022-02-09 00:00:00,8.216e-05
2022-02-09 08:00:00,5.826e-05
2022-02-09 16:00:00,5.12e-05
2022-02-10 00:00:00,0.0001
2022-02-10 08:00:00,-1.799e-05
2022-02-10 16:00:00,0.0001
2022-02-11 00:00:00,3.895e-05
2022-02-11 08:00:00,-5.238e-05
2022-02-11 16:00:00,-7.643e-05
2022-02-12 00:00:00,0.0001
2022-02-12 08:00:00,0.0001
2022-02-12 16:00:00,0.0001
2022-02-13 00:00:00,8.047e-05
2022-02-13 08:00:00,7.937e-05
2022-02-13 16:00:00,6.814e-05
2022-02-14 00:00:00,9.717e-05
2022-02-14 08:00:00,2.867e-05
2022-02-14 16:00:00,6.445e-05
2022-02-15 00:00:00,0.0001
2022-02-15 08:00:00,-7.76e-05
2022-02-15 16:00:00,5.462e-05
2022-02-16 00:00:00,0.0001
2022-02-16 08:00:00,0.0001
2022-02-16 16:00:00,0.0001
2022-02-17 00:00:00,0.0001
2022-02-17 08:00:00,0.0001
2022-02-17 16:00:00,0.0001
2022-02-18 00:00:00,-4.38e-06
2022-02-18 08:00:00,-2.923e-05
2022-02-18 16:00:00,-9.36e-06
2022-02-19 00:00:00,0.0001
2022-02-19 08:00:00,9.61e-06
2022-02-19 16:00:00,7.71e-05
2022-02-20 00:00:00,3.023e-05
2022-02-20 08:00:00,6.581e-05
2022-02-20 16:00:00,-7.517e-05
2022-02-21 00:00:00,6.5e-05
2022-02-21 08:00:00,-4.498e-05
2022-02-21 16:00:00,-3.473e-05
2022-02-22 00:00:00,-5.357e-05
2022-02-22 08:00:00,2.477e-05
2022-02-22 16:00:00,-3.085e-05
2022-02-23 00:00:00,-2.623e-05
2022-02-23 08:00:00,-0.00012603
2022-02-23 16:00:00,-3.332e-05
2022-02-24 00:00:00,6.475e-05
2022-02-24 08:00:00,-0.00016045
2022-02-24 16:00:00,-9.21e-05
2022-02-25 00:00:00,0.0001
2022-02-25 08:00:00,6.22e-05
2022-02-25 16:00:00,9.98e-06
2022-02-26 00:00:00,9.332e-05
2022-02-26 08:00:00,0.0001
2022-02-26 16:00:00,7.614e-05
2022-02-27 00:00:00,5.574e-05
2022-02-27 08:00:00,1.803e-05
2022-02-27 16:00:00,-6.28e-06
2022-02-28 00:00:00,-0.00021167
2022-02-28 08:00:00,-8.986e-05
2022-02-28 16:00:00,-5.386e-05
2022-03-01 00:00:00,0.0001
2022-03-01 08:00:00,0.0001
2022-03-01 16:00:00,4.369e-05
2022-03-02 00:00:00,-5.07e-06
2022-03-02 08:00:00,0.0001
2022-03-02 16:00:00,0.0001
2022-03-03 00:00:00,0.0001
2022-03-03 08:00:00,0.0001
2022-03-03 16:00:00,0.0001
2022-03-04 00:00:00,0.0001
2022-03-04 08:00:00,0.0001
2022-03-04 16:00:00,0.0001
2022-03-05 00:00:00,0.0001
2022-03-05 08:00:00,0.0001
2022-03-05 16:00:00,1.656e-05
2022-03-06 00:00:00,4.115e-05
2022-03-06 08:00:00,-9.6e-06
2022-03-06 16:00:00,1.957e-05
2022-03-07 00:00:00,3.18e-06
2022-03-07 08:00:00,-8.983e-05
2022-03-07 16:00:00,-3.177e-05
2022-03-08 00:00:00,3.378e-05
2022-03-08 08:00:00,0.0001
2022-03-08 16:00:00,0.0001
2022-03-09 00:00:00,6.776e-05
2022-03-09 08:00:00,0.0001
2022-03-09 16:00:00,0.0001
2022-03-10 00:00:00,0.0001
2022-03-10 08:00:00,8.28e-05
2022-03-10 16:00:00,-8.919e-05
2022-03-11 00:00:00,-9.808e-05
2022-03-11 08:00:00,-7.765e-05
2022-03-11 16:00:00,4.301e-05
2022-03-12 00:00:00,-3.07e-06
2022-03-12 08:00:00,3.168e-05
2022-03-12 16:00:00,-3.565e-05
2022-03-13 00:00:00,-5.855e-05
2022-03-13 08:00:00,6.13e-06
2022-03-13 16:00:00,-5.741e-05
2022-03-14 00:00:00,-8.009e-05
2022-03-14 08:00:00,-6.699e-05
2022-03-14 16:00:00,2.708e-05
2022-03-15 00:00:00,5.726e-05
2022-03-15 08:00:00,4.476e-05
2022-03-15 16:00:00,9.061e-05
2022-03-16 00:00:00,0.0001
2022-03-16 08:00:00,5.871e-05
2022-03-16 16:00:00,0.0001
2022-03-17 00:00:00,0.0001
2022-03-17 08:00:00,0.0001
2022-03-17 16:00:00,0.0001
2022-03-18 00:00:00,0.0001
2022-03-18 08:00:00,1.662e-05
2022-03-18 16:00:00,0.0001
2022-03-19 00:00:00,0.0001
2022-03-19 08:00:00,0.0001
2022-03-19 16:00:00,0.0001
2022-03-20 00:00:00,0.0001
2022-03-20 08:00:00,0.0001
2022-03-20 16:00:00,0.0001
2022-03-21 00:00:00,0.0001
2022-03-21 08:00:00,-9.54e-06
2022-03-21 16:00:00,-9.3e-07
2022-03-22 00:00:00,0.0001
2022-03-22 08:00:00,0.0001
2022-03-22 16:00:00,0.0001
2022-03-23 00:00:00,0.0001
2022-03-23 08:00:00,0.0001
2022-03-23 16:00:00,7.014e-05
2022-03-24 00:00:00,1.664e-05
2022-03-24 08:00:00,8e-06
2022-03-24 16:00:00,-9.07e-06
2022-03-25 00:00:00,6.7e-06
2022-03-25 08:00:00,9.286e-05
2022-03-25 16:00:00,5.473e-05
2022-03-26 00:00:00,9.739e-05
2022-03-26 08:00:00,-7.111e-05
2022-03-26 16:00:00,0.0001
2022-03-27 00:00:00,-8.253e-05
2022-03-27 09:00:00,1.306e-05
2022-03-27 17:00:00,0.0001
2022-03-28 01:00:00,0.0001
2022-03-28 09:00:00,0.0001
2022-03-28 17:00:00,0.0001
2022-03-29 01:00:00,0.0001
2022-03-29 09:00:00,0.0001
2022-03-29 17:00:00,9.594e-05
2022-03-30 01:00:00,0.0001
2022-03-30 09:00:00,0.0001
2022-03-30 17:00:00,0.0001
2022-03-31 01:00:00,0.0001
2022-03-31 09:00:00,0.0001
2022-03-31 17:00:00,0.0001
2022-04-01 01:00:00,0.0001
2022-04-01 09:00:00,7.626e-05
2022-04-01 17:00:00,9.193e-05
2022-04-02 01:00:00,0.0001
2022-04-02 09:00:00,0.0001
2022-04-02 17:00:00,0.0001
2022-04-03 01:00:00,0.0001
2022-04-03 09:00:00,0.0001
2022-04-03 17:00:00,0.0001
2022-04-04 01:00:00,0.0001
2022-04-04 09:00:00,0.0001
2022-04-04 17:00:00,0.0001
2022-04-05 01:00:00,0.0001
2022-04-05 09:00:00,0.0001
2022-04-05 17:00:00,0.0001
2022-04-06 01:00:00,9.898e-05
2022-04-06 09:00:00,0.0001
2022-04-06 17:00:00,0.0001
2022-04-07 01:00:00,0.0001
2022-04-07 09:00:00,0.0001
2022-04-07 17:00:00,2.421e-05
2022-04-08 01:00:00,4.306e-05
2022-04-08 09:00:00,0.0001
2022-04-08 17:00:00,0.0001
2022-04-09 01:00:00,0.0001
2022-04-09 09:00:00,9.279e-05
2022-04-09 17:00:00,0.0001
2022-04-10 01:00:00,2.721e-05
2022-04-10 09:00:00,6.231e-05
2022-04-10 17:00:00,0.0001
2022-04-11 01:00:00,2.43e-06
2022-04-11 09:00:00,0.0001
2022-04-11 17:00:00,0.0001
2022-04-12 01:00:00,-6.795e-05
2022-04-12 09:00:00,-0.00010012
2022-04-12 17:00:00,-7.001e-05
2022-04-13 01:00:00,-1.692e-05
2022-04-13 09:00:00,7.53e-06
2022-04-13 17:00:00,-1.485e-05
2022-04-14 01:00:00,5.018e-05
2022-04-14 09:00:00,3.533e-05
2022-04-14 17:00:00,4.423e-05
2022-04-15 01:00:00,-0.00013233
2022-04-15 09:00:00,-6.805e-05
2022-04-15 17:00:00,7.697e-05
2022-04-16 01:00:00,2.197e-05
2022-04-16 09:00:00,5.199e-05
2022-04-16 17:00:00,6.201e-05
2022-04-17 01:00:00,7.2e-06
2022-04-17 09:00:00,9.838e-05
2022-04-17 17:00:00,0.0001
2022-04-18 01:00:00,-3.231e-05
2022-04-18 09:00:00,-0.00017197
2022-04-18 17:00:00,-5.436e-05
2022-04-19 01:00:00,0.0001
2022-04-19 09:00:00,6.251e-05
2022-04-19 17:00:00,-5.028e-05
2022-04-20 01:00:00,9.45e-05
2022-04-20 09:00:00,9.543e-05
2022-04-20 17:00:00,3.714e-05
2022-04-21 01:00:00,1.77e-06
2022-04-21 09:00:00,-5.245e-05
2022-04-21 17:00:00,5.359e-05
2022-04-22 01:00:00,3.026e-05
2022-04-22 09:00:00,-0.00016984
2022-04-22 17:00:00,-4.15e-06
2022-04-23 01:00:00,-9.023e-05
2022-04-23 09:00:00,-7.562e-05
2022-04-23 17:00:00,-0.00011883
2022-04-24 01:00:00,-0.00018273
2022-04-24 09:00:00,-0.00015276
2022-04-24 17:00:00,-3.654e-05
2022-04-25 01:00:00,-8.908e-05
2022-04-25 09:00:00,-7.844e-05
2022-04-25 17:00:00,7.223e-05
2022-04-26 01:00:00,0.0001
2022-04-26 09:00:00,0.0001
2022-04-26 17:00:00,0.0001
2022-04-27 01:00:00,-0.0001264
2022-04-27 09:00:00,-0.00011034
2022-04-27 17:00:00,1.968e-05
2022-04-28 01:00:00,-5.716e-05
2022-04-28 09:00:00,-5.544e-05
2022-04-28 17:00:00,0.0001
2022-04-29 01:00:00,0.0001
2022-04-29 09:00:00,0.0001
2022-04-29 17:00:00,2.628e-05
2022-04-30 01:00:00,-9.371e-05
2022-04-30 09:00:00,4.536e-05
2022-04-30 17:00:00,5.926e-05
2022-05-01 01:00:00,2.403e-05
2022-05-01 09:00:00,9.5e-07
2022-05-01 17:00:00,0.0001
2022-05-02 01:00:00,0.0001
2022-05-02 09:00:00,9e-05
2022-05-02 17:00:00,0.0001
2022-05-03 01:00:00,0.0001
2022-05-03 09:00:00,0.0001
2022-05-03 17:00:00,0.0001
2022-05-04 01:00:00,0.0001
2022-05-04 09:00:00,2.504e-05
2022-05-04 17:00:00,0.0001
2022-05-05 01:00:00,0.0001
2022-05-05 09:00:00,0.0001
2022-05-05 17:00:00,0.0001
2022-05-06 01:00:00,-0.0001346
2022-05-06 09:00:00,-5.734e-05
2022-05-06 17:00:00,4.197e-05
2022-05-07 01:00:00,-5.273e-05
2022-05-07 09:00:00,5.998e-05
2022-05-07 17:00:00,7.13e-06
2022-05-08 01:00:00,-2.659e-05
2022-05-08 09:00:00,0.0001
2022-05-08 17:00:00,0.0001
2022-05-09 01:00:00,0.0001
2022-05-09 09:00:00,0.0001
2022-05-09 17:00:00,0.0001
2022-05-10 01:00:00,0.0001
2022-05-10 09:00:00,0.0001
2022-05-10 17:00:00,0.0001
2022-05-11 01:00:00,7.58e-05
2022-05-11 09:00:00,6.939e-05
2022-05-11 17:00:00,-3.512e-05
2022-05-12 01:00:00,-0.00018773
2022-05-12 09:00:00,-0.00041995
2022-05-12 17:00:00,-0.00014678
2022-05-13 01:00:00,-7.127e-05
2022-05-13 09:00:00,-6.05e-06
2022-05-13 17:00:00,6.045e-05
2022-05-14 01:00:00,0.0001
2022-05-14 09:00:00,0.0001
2022-05-14 17:00:00,0.0001
2022-05-15 01:00:00,8.29e-05
2022-05-15 09:00:00,0.0001
2022-05-15 17:00:00,9.053e-05
2022-05-16 01:00:00,0.0001
2022-05-16 09:00:00,8.883e-05
2022-05-16 17:00:00,4.94e-05
2022-05-17 01:00:00,0.0001
2022-05-17 09:00:00,-7.1e-06
2022-05-17 17:00:00,4.705e-05
2022-05-18 01:00:00,-6.956e-05
2022-05-18 09:00:00,-5.753e-05
2022-05-18 17:00:00,2.893e-05
2022-05-19 01:00:00,-3.41e-06
2022-05-19 09:00:00,5.624e-05
2022-05-19 17:00:00,7.465e-05
2022-05-20 01:00:00,0.0001
2022-05-20 09:00:00,0.0001
2022-05-20 17:00:00,0.0001
2022-05-21 01:00:00,-2.02e-06
2022-05-21 09:00:00,-2.146e-05
2022-05-21 17:00:00,2.549e-05
2022-05-22 01:00:00,2.41e-05
2022-05-22 09:00:00,-3.063e-05
2022-05-22 17:00:00,0.0001
2022-05-23 01:00:00,0.0001
2022-05-23 09:00:00,0.0001
2022-05-23 17:00:00,0.0001
2022-05-24 01:00:00,-0.00012372
2022-05-24 09:00:00,-6.76e-06
2022-05-24 17:00:00,2.892e-05
2022-05-25 01:00:00,3.679e-05
2022-05-25 09:00:00,0.0001
2022-05-25 17:00:00,0.0001
2022-05-26 01:00:00,7.516e-05
2022-05-26 09:00:00,0.0001
2022-05-26 17:00:00,7.21e-06
2022-05-27 01:00:00,0.0001
2022-05-27 09:00:00,0.0001
2022-05-27 17:00:00,0.0001
2022-05-28 01:00:00,0.0001
2022-05-28 09:00:00,8.712e-05
2022-05-28 17:00:00,0.0001
2022-05-29 01:00:00,0.0001
2022-05-29 09:00:00,0.0001
2022-05-29 17:00:00,0.0001
2022-05-30 01:00:00,0.0001
2022-05-30 09:00:00,0.0001
2022-05-30 17:00:00,0.0001
2022-05-31 01:00:00,0.0001
2022-05-31 09:00:00,0.0001
2022-05-31 17:00:00,0.0001
2022-06-01 01:00:00,0.0001
2022-06-01 09:00:00,0.0001
2022-06-01 17:00:00,0.0001
2022-06-02 01:00:00,-1.452e-05
2022-06-02 09:00:00,2.265e-05
2022-06-02 17:00:00,2.107e-05
2022-06-03 01:00:00,-3.378e-05
2022-06-03 09:00:00,-1.456e-05
2022-06-03 17:00:00,6.937e-05
2022-06-04 01:00:00,2.7e-06
2022-06-04 09:00:00,4.795e-05
2022-06-04 17:00:00,5.506e-05
2022-06-05 01:00:00,4.358e-05
2022-06-05 09:00:00,2.828e-05
2022-06-05 17:00:00,4.753e-05
2022-06-06 01:00:00,6.036e-05
2022-06-06 09:00:00,9.656e-05
2022-06-06 17:00:00,0.0001
2022-06-07 01:00:00,0.0001
2022-06-07 09:00:00,-0.00010234
2022-06-07 17:00:00,-3.705e-05
2022-06-08 01:00:00,0.0001
2022-06-08 09:00:00,0.0001
2022-06-08 17:00:00,0.0001
2022-06-09 01:00:00,0.0001
2022-06-09 09:00:00,9.106e-05
2022-06-09 17:00:00,0.0001
2022-06-10 01:00:00,0.0001
2022-06-10 09:00:00,9.289e-05
2022-06-10 17:00:00,3.503e-05
2022-06-11 01:00:00,1.762e-05
2022-06-11 09:00:00,3.79e-06
2022-06-11 17:00:00,6.606e-05
2022-06-12 01:00:00,0.0001
2022-06-12 09:00:00,5.63e-06
2022-06-12 17:00:00,4.39e-06
2022-06-13 01:00:00,5.616e-05
2022-06-13 09:00:00,-3.182e-05
2022-06-13 17:00:00,-5.8e-06
2022-06-14 01:00:00,4.088e-05
2022-06-14 09:00:00,-0.00010037
2022-06-14 17:00:00,-5.186e-05
2022-06-15 01:00:00,-2.077e-05
2022-06-15 09:00:00,-7.24e-05
2022-06-15 17:00:00,-6.66e-06
2022-06-16 01:00:00,-4.114e-05
2022-06-16 09:00:00,4.475e-05
2022-06-16 17:00:00,-5.277e-05
2022-06-17 01:00:00,-2.222e-05
2022-06-17 09:00:00,-9.486e-05
2022-06-17 17:00:00,5.092e-05
2022-06-18 01:00:00,7.356e-05
2022-06-18 09:00:00,4.575e-05
2022-06-18 17:00:00,5.227e-05
2022-06-19 01:00:00,4.243e-05
2022-06-19 09:00:00,-4.559e-05
2022-06-19 17:00:00,7.239e-05
2022-06-20 01:00:00,8.73e-06
2022-06-20 09:00:00,-5.4e-06
2022-06-20 17:00:00,6.08e-05
2022-06-21 01:00:00,0.0001
2022-06-21 09:00:00,4.967e-05
2022-06-21 17:00:00,2.028e-05
2022-06-22 01:00:00,1.78e-06
2022-06-22 09:00:00,-2.982e-05
2022-06-22 17:00:00,-1.64e-05
2022-06-23 01:00:00,-8.72e-06
2022-06-23 09:00:00,-1.577e-05
2022-06-23 17:00:00,-2.656e-05
2022-06-24 01:00:00,6.006e-05
2022-06-24 09:00:00,0.0001
2022-06-24 17:00:00,0.0001
2022-06-25 01:00:00,2.621e-05
2022-06-25 09:00:00,0.0001
2022-06-25 17:00:00,0.0001
2022-06-26 01:00:00,0.0001
2022-06-26 09:00:00,0.0001
2022-06-26 17:00:00,6.69e-06
2022-06-27 01:00:00,7.82e-05
2022-06-27 09:00:00,3.533e-05
2022-06-27 17:00:00,6.102e-05
2022-06-28 01:00:00,-2.586e-05
2022-06-28 09:00:00,-5.613e-05
2022-06-28 17:00:00,2.435e-05
2022-06-29 01:00:00,4.188e-05
2022-06-29 09:00:00,8.335e-05
2022-06-29 17:00:00,5.319e-05
2022-06-30 01:00:00,3.24e-06
2022-06-30 09:00:00,-5.159e-05
2022-06-30 17:00:00,-0.00015879
2022-07-01 01:00:00,-8.786e-05
2022-07-01 09:00:00,3.106e-05
2022-07-01 17:00:00,-8.061e-05
2022-07-02 01:00:00,-2.913e-05
2022-07-02 09:00:00,5.218e-05
2022-07-02 17:00:00,2.12e-05
2022-07-03 01:00:00,3.57e-05
2022-07-03 09:00:00,4.779e-05
2022-07-03 17:00:00,7.251e-05
2022-07-04 01:00:00,7.792e-05
2022-07-04 09:00:00,4.63e-05
2022-07-04 17:00:00,2.248e-05
2022-07-05 01:00:00,5.291e-05
2022-07-05 09:00:00,0.0001
2022-07-05 17:00:00,1.2e-06
2022-07-06 01:00:00,0.0001
2022-07-06 09:00:00,0.0001
2022-07-06 17:00:00,8.373e-05
2022-07-07 01:00:00,5.274e-05
2022-07-07 09:00:00,0.0001
2022-07-07 17:00:00,0.0001
2022-07-08 01:00:00,2.12e-06
2022-07-08 09:00:00,0.0001
2022-07-08 17:00:00,0.0001
2022-07-09 01:00:00,0.0001
2022-07-09 09:00:00,0.0001
2022-07-09 17:00:00,6.143e-05
2022-07-10 01:00:00,9.962e-05
2022-07-10 09:00:00,0.0001
2022-07-10 17:00:00,0.0001
2022-07-11 01:00:00,4.543e-05
2022-07-11 09:00:00,7.236e-05
2022-07-11 17:00:00,8.5e-05
2022-07-12 01:00:00,8.003e-05
2022-07-12 09:00:00,6.433e-05
2022-07-12 17:00:00,2.667e-05
2022-07-13 01:00:00,-1.204e-05
2022-07-13 09:00:00,6.17e-06
2022-07-13 17:00:00,-1.218e-05
2022-07-14 01:00:00,5.7e-07
2022-07-14 09:00:00,0.0001
2022-07-14 17:00:00,3.451e-05
2022-07-15 01:00:00,9.257e-05
2022-07-15 09:00:00,1.401e-05
2022-07-15 17:00:00,1.601e-05
2022-07-16 01:00:00,6.055e-05
2022-07-16 09:00:00,7.996e-05
2022-07-16 17:00:00,8e-06
2022-07-17 01:00:00,8.038e-05
2022-07-17 09:00:00,0.0001
2022-07-17 17:00:00,8.709e-05
2022-07-18 01:00:00,0.0001
2022-07-18 09:00:00,0.0001
2022-07-18 17:00:00,0.0001
2022-07-19 01:00:00,0.0001
2022-07-19 09:00:00,0.0001
2022-07-19 17:00:00,0.0001
2022-07-20 01:00:00,0.0001
2022-07-20 09:00:00,0.0001
2022-07-20 17:00:00,8.118e-05
2022-07-21 01:00:00,0.0001
2022-07-21 09:00:00,0.0001
2022-07-21 17:00:00,0.0001
2022-07-22 01:00:00,0.0001
2022-07-22 09:00:00,0.0001
2022-07-22 17:00:00,5.172e-05
2022-07-23 01:00:00,9.043e-05
2022-07-23 09:00:00,1.021e-05
2022-07-23 17:00:00,0.0001
2022-07-24 01:00:00,3.77e-05
2022-07-24 09:00:00,0.0001
2022-07-24 17:00:00,8.293e-05
2022-07-25 01:00:00,0.0001
2022-07-25 09:00:00,1.238e-05
2022-07-25 17:00:00,2.319e-05
2022-07-26 01:00:00,0.0001
2022-07-26 09:00:00,3.654e-05
2022-07-26 17:00:00,8.659e-05
2022-07-27 01:00:00,4.591e-05
2022-07-27 09:00:00,5.085e-05
2022-07-27 17:00:00,2.951e-05
2022-07-28 01:00:00,9.229e-05
2022-07-28 09:00:00,0.0001
2022-07-28 17:00:00,0.0001
2022-07-29 01:00:00,0.0001
2022-07-29 09:00:00,0.0001
2022-07-29 17:00:00,0.0001
2022-07-30 01:00:00,0.0001
2022-07-30 09:00:00,0.0001
2022-07-30 17:00:00,0.0001
2022-07-31 01:00:00,0.0001
2022-07-31 09:00:00,0.0001
2022-07-31 17:00:00,6.281e-05
2022-08-01 01:00:00,0.0001
2022-08-01 09:00:00,0.0001
2022-08-01 17:00:00,6.449e-05
2022-08-02 01:00:00,0.0001
2022-08-02 09:00:00,9.733e-05
2022-08-02 17:00:00,5.885e-05
2022-08-03 01:00:00,3.28e-06
2022-08-03 09:00:00,-3.96e-05
2022-08-03 17:00:00,4.382e-05
2022-08-04 01:00:00,-1.91e-06
2022-08-04 09:00:00,1.778e-05
2022-08-04 17:00:00,1.436e-05
2022-08-05 01:00:00,1.692e-05
2022-08-05 09:00:00,6.774e-05
2022-08-05 17:00:00,2.115e-05
2022-08-06 01:00:00,6.888e-05
2022-08-06 09:00:00,8.589e-05
2022-08-06 17:00:00,0.0001
2022-08-07 01:00:00,0.0001
2022-08-07 09:00:00,-7.37e-06
2022-08-07 17:00:00,2.401e-05
2022-08-08 01:00:00,0.0001
2022-08-08 09:00:00,2.79e-05
2022-08-08 17:00:00,0.0001
2022-08-09 01:00:00,0.0001
2022-08-09 09:00:00,7.92e-05
2022-08-09 17:00:00,0.0001
2022-08-10 01:00:00,-1.314e-05
2022-08-10 09:00:00,5.81e-06
2022-08-10 17:00:00,9.44e-05
2022-08-11 01:00:00,7.206e-05
2022-08-11 09:00:00,0.0001
2022-08-11 17:00:00,4.911e-05
2022-08-12 01:00:00,9.024e-05
2022-08-12 09:00:00,1.412e-05
2022-08-12 17:00:00,-3.384e-05
2022-08-13 01:00:00,-3.559e-05
2022-08-13 09:00:00,8.455e-05
2022-08-13 17:00:00,2.154e-05
2022-08-14 01:00:00,2.396e-05
2022-08-14 09:00:00,-3.33e-06
2022-08-14 17:00:00,1.239e-05
2022-08-15 01:00:00,-3.766e-05
2022-08-15 09:00:00,1.077e-05
2022-08-15 17:00:00,-1.339e-05
2022-08-16 01:00:00,3.243e-05
2022-08-16 09:00:00,1.56e-06
2022-08-16 17:00:00,2.87e-05
2022-08-17 01:00:00,4.66e-06
2022-08-17 09:00:00,2.62e-06
2022-08-17 17:00:00,9.364e-05
2022-08-18 01:00:00,8.391e-05
2022-08-18 09:00:00,0.0001
2022-08-18 17:00:00,7.171e-05
2022-08-19 01:00:00,0.0001
2022-08-19 09:00:00,2.108e-05
2022-08-19 17:00:00,-6.746e-05
2022-08-20 01:00:00,1.07e-05
2022-08-20 09:00:00,-6.722e-05
2022-08-20 17:00:00,-4.567e-05
2022-08-21 01:00:00,-1.957e-05
2022-08-21 09:00:00,-3.589e-05
2022-08-21 17:00:00,-3.234e-05
2022-08-22 01:00:00,-8.092e-05
2022-08-22 09:00:00,-3.215e-05
2022-08-22 17:00:00,4.021e-05
2022-08-23 01:00:00,-3.345e-05
2022-08-23 09:00:00,-4.031e-05
2022-08-23 17:00:00,8.46e-06
2022-08-24 01:00:00,2.509e-05
2022-08-24 09:00:00,-4.353e-05
2022-08-24 17:00:00,-3.538e-05
2022-08-25 01:00:00,1.28e-06
2022-08-25 09:00:00,1.547e-05
2022-08-25 17:00:00,4.481e-05
2022-08-26 01:00:00,-1.707e-05
2022-08-26 09:00:00,3.207e-05
2022-08-26 17:00:00,2.599e-05
2022-08-27 01:00:00,-2.808e-05
2022-08-27 09:00:00,-6.29e-05
2022-08-27 17:00:00,-4.396e-05
2022-08-28 01:00:00,-1.396e-05
2022-08-28 09:00:00,-8.758e-05
2022-08-28 17:00:00,-2.443e-05
2022-08-29 01:00:00,-0.00013623
2022-08-29 09:00:00,-0.00010056
2022-08-29 17:00:00,-6.193e-05
2022-08-30 01:00:00,1.123e-05
2022-08-30 09:00:00,-3.356e-05
2022-08-30 17:00:00,-5.903e-05
2022-08-31 01:00:00,-2.089e-05
2022-08-31 09:00:00,5.779e-05
2022-08-31 17:00:00,4.95e-05
2022-09-01 01:00:00,9.39e-05
2022-09-01 09:00:00,2.266e-05
2022-09-01 17:00:00,3.63e-05
2022-09-02 01:00:00,2.498e-05
2022-09-02 09:00:00,4.905e-05
2022-09-02 17:00:00,4.443e-05
2022-09-03 01:00:00,-1.99e-06
2022-09-03 09:00:00,9.442e-05
2022-09-03 17:00:00,1.115e-05
2022-09-04 01:00:00,5.88e-06
2022-09-04 09:00:00,5.463e-05
2022-09-04 17:00:00,2.119e-05
2022-09-05 01:00:00,8.292e-05
2022-09-05 09:00:00,-7.37e-06
2022-09-05 17:00:00,4.712e-05
2022-09-06 01:00:00,-2.45e-06
2022-09-06 09:00:00,3.43e-06
2022-09-06 17:00:00,3.473e-05
2022-09-07 01:00:00,-8.601e-05
2022-09-07 09:00:00,2.729e-05
2022-09-07 17:00:00,-3.48e-05
2022-09-08 01:00:00,6.2e-06
2022-09-08 09:00:00,3.327e-05
2022-09-08 17:00:00,5.667e-05
2022-09-09 01:00:00,1.312e-05
2022-09-09 09:00:00,0.0001
2022-09-09 17:00:00,0.0001
2022-09-10 01:00:00,0.0001
2022-09-10 09:00:00,9.764e-05
2022-09-10 17:00:00,0.0001
2022-09-11 01:00:00,7.115e-05
2022-09-11 09:00:00,0.0001
2022-09-11 17:00:00,6.712e-05
2022-09-12 01:00:00,0.0001
2022-09-12 09:00:00,8.246e-05
2022-09-12 17:00:00,0.0001
2022-09-13 01:00:00,9.965e-05
2022-09-13 09:00:00,0.0001
2022-09-13 17:00:00,0.0001
2022-09-14 01:00:00,-3.953e-05
2022-09-14 09:00:00,7.27e-06
2022-09-14 17:00:00,1.004e-05
2022-09-15 01:00:00,3.24e-06
2022-09-15 09:00:00,0.0001
2022-09-15 17:00:00,8.13e-06
2022-09-16 01:00:00,8.055e-05
2022-09-16 09:00:00,4.349e-05
2022-09-16 17:00:00,2.919e-05
2022-09-17 01:00:00,3.024e-05
2022-09-17 09:00:00,4.336e-05
2022-09-17 17:00:00,1.467e-05
2022-09-18 01:00:00,6.428e-05
2022-09-18 09:00:00,7.82e-05
2022-09-18 17:00:00,3.564e-05
2022-09-19 01:00:00,3.581e-05
2022-09-19 09:00:00,-9.289e-05
2022-09-19 17:00:00,6e-06
2022-09-20 01:00:00,7.813e-05
2022-09-20 09:00:00,5.855e-05
2022-09-20 17:00:00,1.721e-05
2022-09-21 01:00:00,5.185e-05
2022-09-21 09:00:00,1.478e-05
2022-09-21 17:00:00,2.732e-05
2022-09-22 01:00:00,-0.00011779
2022-09-22 09:00:00,-6.911e-05
2022-09-22 17:00:00,7.743e-05
2022-09-23 01:00:00,7.261e-05
2022-09-23 09:00:00,2.959e-05
2022-09-23 17:00:00,-5.008e-05
2022-09-24 01:00:00,2.947e-05
2022-09-24 09:00:00,1.676e-05
2022-09-24 17:00:00,5.345e-05
2022-09-25 01:00:00,9.99e-06
2022-09-25 09:00:00,3.653e-05
2022-09-25 17:00:00,2.593e-05
2022-09-26 01:00:00,-6.6e-06
2022-09-26 09:00:00,3.696e-05
2022-09-26 17:00:00,4.497e-05
2022-09-27 01:00:00,2.244e-05
2022-09-27 09:00:00,0.0001
2022-09-27 17:00:00,8.538e-05
2022-09-28 01:00:00,1.141e-05
2022-09-28 09:00:00,-1.071e-05
2022-09-28 17:00:00,5.332e-05
2022-09-29 01:00:00,5.681e-05
2022-09-29 09:00:00,7.641e-05
2022-09-29 17:00:00,6.685e-05
2022-09-30 01:00:00,0.0001
2022-09-30 09:00:00,0.0001
2022-09-30 17:00:00,0.0001
2022-10-01 01:00:00,3.198e-05
2022-10-01 09:00:00,0.0001
2022-10-01 17:00:00,7.005e-05
2022-10-02 01:00:00,4.262e-05
2022-10-02 09:00:00,5.816e-05
2022-10-02 17:00:00,5.384e-05
2022-10-03 01:00:00,3.996e-05
2022-10-03 09:00:00,8.316e-05
2022-10-03 17:00:00,0.0001
2022-10-04 01:00:00,0.0001
2022-10-04 09:00:00,0.0001
2022-10-04 17:00:00,0.0001
2022-10-05 01:00:00,0.0001
2022-10-05 09:00:00,0.0001
2022-10-05 17:00:00,0.0001
2022-10-06 01:00:00,0.0001
2022-10-06 09:00:00,0.0001
2022-10-06 17:00:00,0.0001
2022-10-07 01:00:00,0.0001
2022-10-07 09:00:00,0.0001
2022-10-07 17:00:00,7.513e-05
2022-10-08 01:00:00,3.85e-05
2022-10-08 09:00:00,7.345e-05
2022-10-08 17:00:00,4.149e-05
2022-10-09 01:00:00,3.246e-05
2022-10-09 09:00:00,1.776e-05
2022-10-09 17:00:00,1.951e-05
2022-10-10 01:00:00,6.241e-05
2022-10-10 09:00:00,6.069e-05
2022-10-10 17:00:00,0.0001
2022-10-11 01:00:00,0.0001
2022-10-11 09:00:00,0.0001
2022-10-11 17:00:00,0.0001
2022-10-12 01:00:00,0.0001
2022-10-12 09:00:00,0.0001
2022-10-12 17:00:00,0.0001
2022-10-13 01:00:00,7.466e-05
2022-10-13 09:00:00,0.0001
2022-10-13 17:00:00,3.936e-05
2022-10-14 01:00:00,3.235e-05
2022-10-14 09:00:00,0.0001
2022-10-14 17:00:00,8.395e-05
2022-10-15 01:00:00,4.317e-05
2022-10-15 09:00:00,3.772e-05
2022-10-15 17:00:00,4.563e-05
2022-10-16 01:00:00,2.735e-05
2022-10-16 09:00:00,4.61e-06
2022-10-16 17:00:00,3.394e-05
2022-10-17 01:00:00,3.31e-06
2022-10-17 09:00:00,4.84e-05
2022-10-17 17:00:00,6.458e-05
2022-10-18 01:00:00,0.0001
2022-10-18 09:00:00,0.0001
2022-10-18 17:00:00,0.0001
2022-10-19 01:00:00,7.598e-05
2022-10-19 09:00:00,0.0001
2022-10-19 17:00:00,0.0001
2022-10-20 01:00:00,0.0001
2022-10-20 09:00:00,6.021e-05
2022-10-20 17:00:00,2.095e-05
2022-10-21 01:00:00,4.708e-05
2022-10-21 09:00:00,4.483e-05
2022-10-21 17:00:00,-8.9e-06
2022-10-22 01:00:00,3.721e-05
2022-10-22 09:00:00,8.36e-05
2022-10-22 17:00:00,-3.19e-06
2022-10-23 01:00:00,4.152e-05
2022-10-23 09:00:00,1.171e-05
2022-10-23 17:00:00,5.174e-05
2022-10-24 01:00:00,0.0001
2022-10-24 09:00:00,0.0001
2022-10-24 17:00:00,2.328e-05
2022-10-25 01:00:00,4.327e-05
2022-10-25 09:00:00,9.019e-05
2022-10-25 17:00:00,-1.66e-06
2022-10-26 01:00:00,2.243e-05
2022-10-26 09:00:00,5.665e-05
2022-10-26 17:00:00,6.122e-05
2022-10-27 01:00:00,1.3e-07
2022-10-27 09:00:00,-2.276e-05
2022-10-27 17:00:00,1.376e-05
2022-10-28 01:00:00,-1.228e-05
2022-10-28 09:00:00,3.541e-05
2022-10-28 17:00:00,-2.629e-05
2022-10-29 01:00:00,2.484e-05
2022-10-29 09:00:00,4.755e-05
2022-10-29 17:00:00,4.205e-05
2022-10-30 01:00:00,-2.515e-05
2022-10-30 08:00:00,3.212e-05
2022-10-30 16:00:00,5.135e-05
2022-10-31 00:00:00,1.504e-05
2022-10-31 08:00:00,3.842e-05
2022-10-31 16:00:00,-4.34e-06
2022-11-01 00:00:00,7.22e-06
2022-11-01 08:00:00,-1.088e-05
2022-11-01 16:00:00,1.302e-05
2022-11-02 00:00:00,4.787e-05
2022-11-02 08:00:00,1.203e-05
2022-11-02 16:00:00,6.046e-05
2022-11-03 00:00:00,2.68e-05
2022-11-03 08:00:00,4.4e-06
2022-11-03 16:00:00,6.94e-05
2022-11-04 00:00:00,4.429e-05
2022-11-04 08:00:00,1.148e-05
2022-11-04 16:00:00,6.899e-05
2022-11-05 00:00:00,4.409e-05
2022-11-05 08:00:00,4.541e-05
2022-11-05 16:00:00,0.0001
2022-11-06 00:00:00,6.491e-05
2022-11-06 08:00:00,9.732e-05
2022-11-06 16:00:00,6.866e-05
2022-11-07 00:00:00,7.813e-05
2022-11-07 08:00:00,0.0001
2022-11-07 16:00:00,0.0001
2022-11-08 00:00:00,6.515e-05
2022-11-08 08:00:00,-7.88e-06
2022-11-08 16:00:00,9.446e-05
2022-11-09 00:00:00,-0.00013884
2022-11-09 08:00:00,7.305e-05
2022-11-09 16:00:00,-0.00032976
2022-11-10 00:00:00,-0.00119172
2022-11-10 08:00:00,-0.00111953
2022-11-10 16:00:00,-0.00023833
2022-11-11 00:00:00,-0.00019452
2022-11-11 08:00:00,-7.277e-05
2022-11-11 16:00:00,-5.802e-05
2022-11-12 00:00:00,5.3e-05
2022-11-12 08:00:00,-2.406e-05
2022-11-12 16:00:00,6.521e-05
2022-11-13 00:00:00,3.33e-06
2022-11-13 08:00:00,-7.357e-05
2022-11-13 16:00:00,2.816e-05
2022-11-14 00:00:00,-3.809e-05
2022-11-14 08:00:00,-7.645e-05
2022-11-14 16:00:00,-1.132e-05
2022-11-15 00:00:00,-0.00010925
2022-11-15 08:00:00,-0.00017664
2022-11-15 16:00:00,2.275e-05
2022-11-16 00:00:00,-0.00013216
2022-11-16 08:00:00,1.121e-05
2022-11-16 16:00:00,-6.617e-05
2022-11-17 00:00:00,-4.542e-05
2022-11-17 08:00:00,-5.138e-05
2022-11-17 16:00:00,-2.701e-05
2022-11-18 00:00:00,-2.836e-05
2022-11-18 08:00:00,2.398e-05
2022-11-18 16:00:00,9.55e-06
2022-11-19 00:00:00,5.556e-05
2022-11-19 08:00:00,7.897e-05
2022-11-19 16:00:00,-1.169e-05
2022-11-20 00:00:00,-7.79e-06
2022-11-20 08:00:00,3.552e-05
2022-11-20 16:00:00,-9.79e-06
2022-11-21 00:00:00,7.898e-05
2022-11-21 08:00:00,-1.218e-05
2022-11-21 16:00:00,2.302e-05
2022-11-22 00:00:00,-7.485e-05
2022-11-22 08:00:00,2.033e-05
2022-11-22 16:00:00,7.881e-05
2022-11-23 00:00:00,9.406e-05
2022-11-23 08:00:00,0.0001
2022-11-23 16:00:00,-3.9e-06
2022-11-24 00:00:00,5.42e-05
2022-11-24 08:00:00,2.012e-05
2022-11-24 16:00:00,6.272e-05
2022-11-25 00:00:00,2.058e-05
2022-11-25 08:00:00,4.61e-06
2022-11-25 16:00:00,1.329e-05
2022-11-26 00:00:00,3.859e-05
2022-11-26 08:00:00,-2.455e-05
2022-11-26 16:00:00,3.523e-05
2022-11-27 00:00:00,1.063e-05
2022-11-27 08:00:00,-3.066e-05
2022-11-27 16:00:00,3.784e-05
2022-11-28 00:00:00,2.303e-05
2022-11-28 08:00:00,5.36e-06
2022-11-28 16:00:00,2.1e-07
2022-11-29 00:00:00,4.76e-05
2022-11-29 08:00:00,-3.85e-06
2022-11-29 16:00:00,4.171e-05
2022-11-30 00:00:00,3.404e-05
2022-11-30 08:00:00,4.038e-05
2022-11-30 16:00:00,9.511e-05
2022-12-01 00:00:00,1.029e-05
2022-12-01 08:00:00,-5.001e-05
2022-12-01 16:00:00,0.0001
2022-12-02 00:00:00,8.203e-05
2022-12-02 08:00:00,2.825e-05
2022-12-02 16:00:00,-3.753e-05
2022-12-03 00:00:00,3.302e-05
2022-12-03 08:00:00,5.123e-05
2022-12-03 16:00:00,0.0001
2022-12-04 00:00:00,6.174e-05
2022-12-04 08:00:00,6.437e-05
2022-12-04 16:00:00,4.581e-05
2022-12-05 00:00:00,5.4e-07
2022-12-05 08:00:00,-4.218e-05
2022-12-05 16:00:00,4.603e-05
2022-12-06 00:00:00,2.206e-05
2022-12-06 08:00:00,4.118e-05
2022-12-06 16:00:00,2.305e-05
2022-12-07 00:00:00,7.887e-05
2022-12-07 08:00:00,6.58e-06
2022-12-07 16:00:00,-1.492e-05
2022-12-08 00:00:00,1.183e-05
2022-12-08 08:00:00,2.152e-05
2022-12-08 16:00:00,1.67e-06
2022-12-09 00:00:00,1.178e-05
2022-12-09 08:00:00,4.007e-05
2022-12-09 16:00:00,3.198e-05
2022-12-10 00:00:00,-1.669e-05
2022-12-10 08:00:00,-6.87e-06
2022-12-10 16:00:00,1.711e-05
2022-12-11 00:00:00,9.29e-06
2022-12-11 08:00:00,8.73e-06
2022-12-11 16:00:00,6.92e-06
2022-12-12 00:00:00,2.406e-05
2022-12-12 08:00:00,2.638e-05
2022-12-12 16:00:00,-1.67e-05
2022-12-13 00:00:00,3.003e-05
2022-12-13 08:00:00,1.971e-05
2022-12-13 16:00:00,0.0001
2022-12-14 00:00:00,0.0001
2022-12-14 08:00:00,0.0001
2022-12-14 16:00:00,0.0001
2022-12-15 00:00:00,0.0001
2022-12-15 08:00:00,0.0001
2022-12-15 16:00:00,5.18e-05
2022-12-16 00:00:00,4.842e-05
2022-12-16 08:00:00,5.706e-05
2022-12-16 16:00:00,-1.987e-05
2022-12-17 00:00:00,2.013e-05
2022-12-17 08:00:00,7.81e-05
2022-12-17 16:00:00,9.707e-05
2022-12-18 00:00:00,6.274e-05
2022-12-18 08:00:00,6.828e-05
2022-12-18 16:00:00,-6.47e-06
2022-12-19 00:00:00,6.468e-05
2022-12-19 08:00:00,3.493e-05
2022-12-19 16:00:00,4.496e-05
2022-12-20 00:00:00,5.611e-05
2022-12-20 08:00:00,-1.2e-07
2022-12-20 16:00:00,3.401e-05
2022-12-21 00:00:00,3.778e-05
2022-12-21 08:00:00,7.742e-05
2022-12-21 16:00:00,7.582e-05
2022-12-22 00:00:00,2.918e-05
2022-12-22 08:00:00,8.167e-05
2022-12-22 16:00:00,7.198e-05
2022-12-23 00:00:00,0.0001
2022-12-23 08:00:00,0.0001
2022-12-23 16:00:00,8.903e-05
2022-12-24 00:00:00,0.0001
2022-12-24 08:00:00,4.748e-05
2022-12-24 16:00:00,6.222e-05
2022-12-25 00:00:00,5.21e-06
2022-12-25 08:00:00,1.855e-05
2022-12-25 16:00:00,3.06e-05
2022-12-26 00:00:00,3.319e-05
2022-12-26 08:00:00,-5.064e-05
2022-12-26 16:00:00,2.871e-05
2022-12-27 00:00:00,8.655e-05
2022-12-27 08:00:00,1.102e-05
2022-12-27 16:00:00,1.951e-05
2022-12-28 00:00:00,4.252e-05
2022-12-28 08:00:00,9.764e-05
2022-12-28 16:00:00,2.111e-05
2022-12-29 00:00:00,9.985e-05
2022-12-29 08:00:00,8.532e-05
2022-12-29 16:00:00,0.0001
2022-12-30 00:00:00,0.0001
2022-12-30 08:00:00,7.132e-05
2022-12-30 16:00:00,0.0001
2022-12-31 00:00:00,0.0001
2022-12-31 08:00:00,0.0001
2022-12-31 16:00:00,0.0001
2023-01-01 00:00:00,0.0001
2023-01-01 08:00:00,0.0001
2023-01-01 16:00:00,6.91e-06
2023-01-02 00:00:00,-1.488e-05
2023-01-02 08:00:00,-4.356e-05
2023-01-02 16:00:00,2.67e-05
2023-01-03 00:00:00,0.0001
2023-01-03 08:00:00,8.977e-05
2023-01-03 16:00:00,3.322e-05
2023-01-04 00:00:00,6.489e-05
2023-01-04 08:00:00,3.388e-05
2023-01-04 16:00:00,4.931e-05
2023-01-05 00:00:00,5.417e-05
2023-01-05 08:00:00,4.436e-05
2023-01-05 16:00:00,7.264e-05
2023-01-06 00:00:00,5.587e-05
2023-01-06 08:00:00,6.591e-05
2023-01-06 16:00:00,8.658e-05
2023-01-07 00:00:00,2.508e-05
2023-01-07 08:00:00,6.71e-06
2023-01-07 16:00:00,0.0001
2023-01-08 00:00:00,5.657e-05
2023-01-08 08:00:00,0.0001
2023-01-08 16:00:00,7.452e-05
2023-01-09 00:00:00,5.796e-05
2023-01-09 08:00:00,-6.66e-06
2023-01-09 16:00:00,9.05e-06
2023-01-10 00:00:00,2.417e-05
2023-01-10 08:00:00,9.685e-05
2023-01-10 16:00:00,3.129e-05
2023-01-11 00:00:00,2.761e-05
2023-01-11 08:00:00,2.477e-05
2023-01-11 16:00:00,-2.11e-06
2023-01-12 00:00:00,7.549e-05
2023-01-12 08:00:00,0.0001
2023-01-12 16:00:00,0.0001
2023-01-13 00:00:00,0.0001
2023-01-13 08:00:00,0.0001
2023-01-13 16:00:00,7.16e-05
2023-01-14 00:00:00,8.746e-05
2023-01-14 08:00:00,0.00045847
2023-01-14 16:00:00,0.0001
2023-01-15 00:00:00,0.00013712
2023-01-15 08:00:00,0.00012434
2023-01-15 16:00:00,0.00019892
2023-01-16 00:00:00,0.0001
2023-01-16 08:00:00,0.0001
2023-01-16 16:00:00,0.0001
2023-01-17 00:00:00,0.0001
2023-01-17 08:00:00,0.0001
2023-01-17 16:00:00,0.0001
2023-01-18 00:00:00,0.0001
2023-01-18 08:00:00,0.0001
2023-01-18 16:00:00,0.0001
2023-01-19 00:00:00,0.0001
2023-01-19 08:00:00,0.0001
2023-01-19 16:00:00,0.0001
2023-01-20 00:00:00,0.0001
2023-01-20 08:00:00,0.0001
2023-01-20 16:00:00,0.0001
2023-01-21 00:00:00,0.0001
2023-01-21 08:00:00,0.0001
2023-01-21 16:00:00,0.0001
2023-01-22 00:00:00,0.0001
2023-01-22 08:00:00,0.0001
2023-01-22 16:00:00,0.0001
2023-01-23 00:00:00,0.0001
2023-01-23 08:00:00,0.0001
2023-01-23 16:00:00,0.0001
2023-01-24 00:00:00,0.0001
2023-01-24 08:00:00,0.0001
2023-01-24 16:00:00,0.0001
2023-01-25 00:00:00,0.0001
2023-01-25 08:00:00,0.0001
2023-01-25 16:00:00,0.0001
2023-01-26 00:00:00,0.0001
2023-01-26 08:00:00,0.0001
2023-01-26 16:00:00,0.0001
2023-01-27 00:00:00,0.0001
2023-01-27 08:00:00,9.541e-05
2023-01-27 16:00:00,0.0001
2023-01-28 00:00:00,0.0001
2023-01-28 08:00:00,0.0001
2023-01-28 16:00:00,0.0001
2023-01-29 00:00:00,0.0001
2023-01-29 08:00:00,0.0001
2023-01-29 16:00:00,0.0001
2023-01-30 00:00:00,0.0001
2023-01-30 08:00:00,0.0001
2023-01-30 16:00:00,0.0001
2023-01-31 00:00:00,0.0001
2023-01-31 08:00:00,0.0001
2023-01-31 16:00:00,0.0001
2023-02-01 00:00:00,0.0001
2023-02-01 08:00:00,0.0001
2023-02-01 16:00:00,0.0001
2023-02-02 00:00:00,0.0001
2023-02-02 08:00:00,0.0001
2023-02-02 16:00:00,0.0001
2023-02-03 00:00:00,0.0001
2023-02-03 08:00:00,0.0001
2023-02-03 16:00:00,0.0001
2023-02-04 00:00:00,0.0001
2023-02-04 08:00:00,0.0001
2023-02-04 16:00:00,0.0001
2023-02-05 00:00:00,0.0001
2023-02-05 08:00:00,0.0001
2023-02-05 16:00:00,0.0001
2023-02-06 00:00:00,0.0001
2023-02-06 08:00:00,0.0001
2023-02-06 16:00:00,0.0001
2023-02-07 00:00:00,0.0001
2023-02-07 08:00:00,0.0001
2023-02-07 16:00:00,0.0001
2023-02-08 00:00:00,0.0001
2023-02-08 08:00:00,0.0001
2023-02-08 16:00:00,0.0001
2023-02-09 00:00:00,0.0001
2023-02-09 08:00:00,0.0001
2023-02-09 16:00:00,0.0001
2023-02-10 00:00:00,0.0001
2023-02-10 08:00:00,0.0001
2023-02-10 16:00:00,0.0001
2023-02-11 00:00:00,7.684e-05
2023-02-11 08:00:00,5.572e-05
2023-02-11 16:00:00,5.241e-05
2023-02-12 00:00:00,5.343e-05
2023-02-12 08:00:00,0.0001
2023-02-12 16:00:00,2.27e-05
2023-02-13 00:00:00,2.074e-05
2023-02-13 08:00:00,6.323e-05
2023-02-13 16:00:00,0.0001
2023-02-14 00:00:00,0.0001
2023-02-14 08:00:00,0.0001
2023-02-14 16:00:00,8.887e-05
2023-02-15 00:00:00,2.377e-05
2023-02-15 08:00:00,2.63e-05
2023-02-15 16:00:00,9.071e-05
2023-02-16 00:00:00,0.0001
2023-02-16 08:00:00,0.0001
2023-02-16 16:00:00,0.00023171
2023-02-17 00:00:00,0.0001
2023-02-17 08:00:00,0.0001
2023-02-17 16:00:00,0.0001
2023-02-18 00:00:00,0.0001
2023-02-18 08:00:00,0.0001
2023-02-18 16:00:00,0.0001
2023-02-19 00:00:00,0.0001
2023-02-19 08:00:00,0.0001
2023-02-19 16:00:00,0.0001
2023-02-20 00:00:00,0.0001
2023-02-20 08:00:00,0.0001
2023-02-20 16:00:00,0.0001
2023-02-21 00:00:00,0.0001
2023-02-21 08:00:00,0.0001
2023-02-21 16:00:00,0.0001
2023-02-22 00:00:00,0.0001
2023-02-22 08:00:00,0.0001
2023-02-22 16:00:00,0.0001
2023-02-23 00:00:00,0.0001
2023-02-23 08:00:00,3.506e-05
2023-02-23 16:00:00,3.631e-05
2023-02-24 00:00:00,4.978e-05
2023-02-24 08:00:00,4.949e-05
2023-02-24 16:00:00,5.44e-05
2023-02-25 00:00:00,1.183e-05
2023-02-25 08:00:00,6.1e-06
2023-02-25 16:00:00,-4.8e-07
2023-02-26 00:00:00,7.372e-05
2023-02-26 08:00:00,2.76e-05
2023-02-26 16:00:00,6.581e-05
2023-02-27 00:00:00,8.144e-05
2023-02-27 08:00:00,1.196e-05
2023-02-27 16:00:00,6.826e-05
2023-02-28 00:00:00,3.414e-05
2023-02-28 08:00:00,1.985e-05
2023-02-28 16:00:00,5.95e-05
2023-03-01 00:00:00,1.85e-06
2023-03-01 08:00:00,0.0001
2023-03-01 16:00:00,0.0001
2023-03-02 00:00:00,8.612e-05
2023-03-02 08:00:00,8.703e-05
2023-03-02 16:00:00,8.395e-05
2023-03-03 00:00:00,0.0001
2023-03-03 08:00:00,-4.203e-05
2023-03-03 16:00:00,-2.26e-06
2023-03-04 00:00:00,5.3e-06
2023-03-04 08:00:00,3.812e-05
2023-03-04 16:00:00,2.104e-05
2023-03-05 00:00:00,1.874e-05
2023-03-05 08:00:00,5.44e-06
2023-03-05 16:00:00,3.706e-05
2023-03-06 00:00:00,4.054e-05
2023-03-06 08:00:00,5.46e-05
2023-03-06 16:00:00,5.414e-05
2023-03-07 00:00:00,1.173e-05
2023-03-07 08:00:00,4.375e-05
2023-03-07 16:00:00,2.631e-05
2023-03-08 00:00:00,2.917e-05
2023-03-08 08:00:00,3.816e-05
2023-03-08 16:00:00,0.0001
2023-03-09 00:00:00,0.0001
2023-03-09 08:00:00,0.0001
2023-03-09 16:00:00,0.0001
2023-03-10 00:00:00,-8.895e-05
2023-03-10 08:00:00,5.26e-06
2023-03-10 16:00:00,-1.647e-05
2023-03-11 00:00:00,2.364e-05
2023-03-11 08:00:00,-2.296e-05
2023-03-11 16:00:00,-2.341e-05
2023-03-12 00:00:00,3.76e-06
2023-03-12 08:00:00,9.088e-05
2023-03-12 16:00:00,-4.068e-05
2023-03-13 00:00:00,0.0001
2023-03-13 08:00:00,6.011e-05
2023-03-13 16:00:00,0.0001
2023-03-14 00:00:00,0.00015042
2023-03-14 08:00:00,0.0001
2023-03-14 16:00:00,0.00029811
2023-03-15 00:00:00,0.0001
2023-03-15 08:00:00,0.00024127
2023-03-15 16:00:00,0.00022126
2023-03-16 00:00:00,0.0001
2023-03-16 08:00:00,0.0001
2023-03-16 16:00:00,0.0001
2023-03-17 00:00:00,3.311e-05
2023-03-17 08:00:00,0.0001
2023-03-17 16:00:00,0.0001
2023-03-18 00:00:00,0.0001
2023-03-18 08:00:00,0.0001
2023-03-18 16:00:00,0.0001
2023-03-19 00:00:00,0.0001
2023-03-19 08:00:00,0.0001
2023-03-19 16:00:00,0.0001
2023-03-20 00:00:00,0.0001
2023-03-20 08:00:00,9.081e-05
2023-03-20 16:00:00,0.0001
2023-03-21 00:00:00,8.118e-05
2023-03-21 08:00:00,1.254e-05
2023-03-21 16:00:00,2.92e-06
2023-03-22 00:00:00,2.68e-06
2023-03-22 08:00:00,6e-08
2023-03-22 16:00:00,5.334e-05
2023-03-23 00:00:00,2.48e-06
2023-03-23 08:00:00,-1.09e-05
2023-03-23 16:00:00,0.0001
2023-03-24 00:00:00,0.0001
2023-03-24 08:00:00,0.0001
2023-03-24 16:00:00,0.0001
2023-03-25 00:00:00,-3.1e-06
2023-03-25 08:00:00,4.25e-06
2023-03-25 16:00:00,2.92e-06
2023-03-26 00:00:00,6.1e-07
2023-03-26 09:00:00,-3.326e-05
2023-03-26 17:00:00,3.634e-05
2023-03-27 01:00:00,2.905e-05
2023-03-27 09:00:00,2.409e-05
2023-03-27 17:00:00,-3.96e-06
2023-03-28 01:00:00,-1.428e-05
2023-03-28 09:00:00,1.123e-05
2023-03-28 17:00:00,7.531e-05
2023-03-29 01:00:00,6.075e-05
2023-03-29 09:00:00,7.098e-05
2023-03-29 17:00:00,0.0001
2023-03-30 01:00:00,6.987e-05
2023-03-30 09:00:00,5.638e-05
2023-03-30 17:00:00,1.123e-05
2023-03-31 01:00:00,-2.712e-05
2023-03-31 09:00:00,6.358e-05
2023-03-31 17:00:00,0.0001
2023-04-01 01:00:00,0.0001
2023-04-01 09:00:00,0.0001
2023-04-01 17:00:00,8.84e-05
2023-04-02 01:00:00,4.527e-05
2023-04-02 09:00:00,6.893e-05
2023-04-02 17:00:00,4.514e-05
2023-04-03 01:00:00,1.759e-05
2023-04-03 09:00:00,-1.24e-05
2023-04-03 17:00:00,5.688e-05
2023-04-04 01:00:00,-6.009e-05
2023-04-04 09:00:00,-1.357e-05
2023-04-04 17:00:00,-1.276e-05
2023-04-05 01:00:00,2.76e-05
2023-04-05 09:00:00,8.517e-05
2023-04-05 17:00:00,5.265e-05
2023-04-06 01:00:00,1.442e-05
2023-04-06 09:00:00,3.598e-05
2023-04-06 17:00:00,-2.975e-05
2023-04-07 01:00:00,1.004e-05
2023-04-07 09:00:00,-1.473e-05
2023-04-07 17:00:00,1.055e-05
2023-04-08 01:00:00,2.68e-06
2023-04-08 09:00:00,4.66e-06
2023-04-08 17:00:00,3.192e-05
2023-04-09 01:00:00,9.5e-06
2023-04-09 09:00:00,-9.04e-06
2023-04-09 17:00:00,-8.53e-06
2023-04-10 01:00:00,0.0001
2023-04-10 09:00:00,0.0001
2023-04-10 17:00:00,6.167e-05
2023-04-11 01:00:00,0.0001
2023-04-11 09:00:00,0.0001
2023-04-11 17:00:00,0.0001
2023-04-12 01:00:00,9.582e-05
2023-04-12 09:00:00,8.195e-05
2023-04-12 17:00:00,1.747e-05
2023-04-13 01:00:00,6.665e-05
2023-04-13 09:00:00,4.427e-05
2023-04-13 17:00:00,0.0001
2023-04-14 01:00:00,-1.13e-06
2023-04-14 09:00:00,0.0001
2023-04-14 17:00:00,3.42e-05
2023-04-15 01:00:00,-4.975e-05
2023-04-15 09:00:00,8.455e-05
2023-04-15 17:00:00,0.0001
2023-04-16 01:00:00,7.144e-05
2023-04-16 09:00:00,0.0001
2023-04-16 17:00:00,0.0001
2023-04-17 01:00:00,0.0001
2023-04-17 09:00:00,7.376e-05
2023-04-17 17:00:00,0.0001
2023-04-18 01:00:00,4.683e-05
2023-04-18 09:00:00,-5.1e-06
2023-04-18 17:00:00,6.772e-05
2023-04-19 01:00:00,0.0001
2023-04-19 09:00:00,6.231e-05
2023-04-19 17:00:00,-8.1e-07
2023-04-20 01:00:00,8.579e-05
2023-04-20 09:00:00,3.668e-05
2023-04-20 17:00:00,5.898e-05
2023-04-21 01:00:00,6.297e-05
2023-04-21 09:00:00,0.0001
2023-04-21 17:00:00,0.0001
2023-04-22 01:00:00,0.0001
2023-04-22 09:00:00,6.858e-05
2023-04-22 17:00:00,2.09e-05
2023-04-23 01:00:00,3.768e-05
2023-04-23 09:00:00,1.376e-05
2023-04-23 17:00:00,2.369e-05
2023-04-24 01:00:00,4.679e-05
2023-04-24 09:00:00,3.694e-05
2023-04-24 17:00:00,2.63e-05
2023-04-25 01:00:00,5.066e-05
2023-04-25 09:00:00,6.606e-05
2023-04-25 17:00:00,8.541e-05
2023-04-26 01:00:00,4.346e-05
2023-04-26 09:00:00,1.686e-05
2023-04-26 17:00:00,0.0001
2023-04-27 01:00:00,2.518e-05
2023-04-27 09:00:00,5.769e-05
2023-04-27 17:00:00,3.265e-05
2023-04-28 01:00:00,0.0001
2023-04-28 09:00:00,0.0001
2023-04-28 17:00:00,4.476e-05
2023-04-29 01:00:00,3.7e-07
2023-04-29 09:00:00,6.751e-05
2023-04-29 17:00:00,7.826e-05
2023-04-30 01:00:00,3.132e-05
2023-04-30 09:00:00,3.501e-05
2023-04-30 17:00:00,6.078e-05
2023-05-01 01:00:00,2.435e-05
2023-05-01 09:00:00,-6.37e-05
2023-05-01 17:00:00,5.66e-06
2023-05-02 01:00:00,9.68e-06
2023-05-02 09:00:00,6.135e-05
2023-05-02 17:00:00,1.204e-05
2023-05-03 01:00:00,8.568e-05
2023-05-03 09:00:00,5.435e-05
2023-05-03 17:00:00,5.701e-05
2023-05-04 01:00:00,0.0001
2023-05-04 09:00:00,9.992e-05
2023-05-04 17:00:00,4.314e-05
2023-05-05 01:00:00,3.731e-05
2023-05-05 09:00:00,9.909e-05
2023-05-05 17:00:00,8.548e-05
2023-05-06 01:00:00,0.0001
2023-05-06 09:00:00,0.0001
2023-05-06 17:00:00,0.0001
2023-05-07 01:00:00,4.321e-05
2023-05-07 09:00:00,4.047e-05
2023-05-07 17:00:00,6.046e-05
2023-05-08 01:00:00,7.2e-06
2023-05-08 09:00:00,4.07e-06
2023-05-08 17:00:00,3.902e-05
2023-05-09 01:00:00,5.11e-05
2023-05-09 09:00:00,6.841e-05
2023-05-09 17:00:00,3.78e-06
2023-05-10 01:00:00,3.752e-05
2023-05-10 09:00:00,4.785e-05
2023-05-10 17:00:00,3.792e-05
2023-05-11 01:00:00,1.596e-05
2023-05-11 09:00:00,6.926e-05
2023-05-11 17:00:00,5.207e-05
2023-05-12 01:00:00,3.633e-05
2023-05-12 09:00:00,3.964e-05
2023-05-12 17:00:00,2.762e-05
2023-05-13 01:00:00,-1e-07
2023-05-13 09:00:00,5.385e-05
2023-05-13 17:00:00,4.494e-05
2023-05-14 01:00:00,1.715e-05
2023-05-14 09:00:00,3.039e-05
2023-05-14 17:00:00,3.537e-05
2023-05-15 01:00:00,4.407e-05
2023-05-15 09:00:00,-1.576e-05
2023-05-15 17:00:00,-1.9e-06
2023-05-16 01:00:00,8.66e-05
2023-05-16 09:00:00,3.165e-05
2023-05-16 17:00:00,5.8e-05
2023-05-17 01:00:00,8.392e-05
2023-05-17 09:00:00,7.029e-05
2023-05-17 17:00:00,4.461e-05
2023-05-18 01:00:00,0.0001
2023-05-18 09:00:00,0.0001
2023-05-18 17:00:00,8.342e-05
2023-05-19 01:00:00,2.716e-05
2023-05-19 09:00:00,4.474e-05
2023-05-19 17:00:00,3.815e-05
2023-05-20 01:00:00,5.313e-05
2023-05-20 09:00:00,2.455e-05
2023-05-20 17:00:00,-8.49e-06
2023-05-21 01:00:00,4.776e-05
2023-05-21 09:00:00,7.262e-05
2023-05-21 17:00:00,5.071e-05
2023-05-22 01:00:00,3.019e-05
2023-05-22 09:00:00,2.1e-06
2023-05-22 17:00:00,4.77e-05
2023-05-23 01:00:00,0.0001
2023-05-23 09:00:00,0.0001
2023-05-23 17:00:00,0.0001
2023-05-24 01:00:00,0.0001
2023-05-24 09:00:00,2.067e-05
2023-05-24 17:00:00,4.362e-05
2023-05-25 01:00:00,5.82e-05
2023-05-25 09:00:00,0.0001
2023-05-25 17:00:00,0.0001
2023-05-26 01:00:00,0.0001
2023-05-26 09:00:00,9.583e-05
2023-05-26 17:00:00,4.953e-05
2023-05-27 01:00:00,7.146e-05
2023-05-27 09:00:00,8.564e-05
2023-05-27 17:00:00,7.362e-05
2023-05-28 01:00:00,9.88e-05
2023-05-28 09:00:00,0.0001
2023-05-28 17:00:00,0.0001
2023-05-29 01:00:00,0.0001
2023-05-29 09:00:00,0.0001
2023-05-29 17:00:00,0.0001
2023-05-30 01:00:00,6.187e-05
2023-05-30 09:00:00,9.036e-05
2023-05-30 17:00:00,3.861e-05
2023-05-31 01:00:00,2.344e-05
2023-05-31 09:00:00,2.864e-05
2023-05-31 17:00:00,9.865e-05
2023-06-01 01:00:00,2.096e-05
2023-06-01 09:00:00,9.641e-05
2023-06-01 17:00:00,0.0001
2023-06-02 01:00:00,4.77e-05
2023-06-02 09:00:00,9.266e-05
2023-06-02 17:00:00,9.946e-05
2023-06-03 01:00:00,7.42e-05
2023-06-03 09:00:00,0.0001
2023-06-03 17:00:00,5.566e-05
2023-06-04 01:00:00,4.85e-05
2023-06-04 09:00:00,0.0001
2023-06-04 17:00:00,0.0001
2023-06-05 01:00:00,0.0001
2023-06-05 09:00:00,9.538e-05
2023-06-05 17:00:00,7.856e-05
2023-06-06 01:00:00,-7.157e-05
2023-06-06 09:00:00,-3.047e-05
2023-06-06 17:00:00,4.288e-05
2023-06-07 01:00:00,0.0001
2023-06-07 09:00:00,0.0001
2023-06-07 17:00:00,4.005e-05
2023-06-08 01:00:00,5.504e-05
2023-06-08 09:00:00,3.09e-05
2023-06-08 17:00:00,4.011e-05
2023-06-09 01:00:00,6.588e-05
2023-06-09 09:00:00,7.916e-05
2023-06-09 17:00:00,4.404e-05
2023-06-10 01:00:00,8.702e-05
2023-06-10 09:00:00,2.417e-05
2023-06-10 17:00:00,3.854e-05
2023-06-11 01:00:00,4.45e-05
2023-06-11 09:00:00,3.197e-05
2023-06-11 17:00:00,5.925e-05
2023-06-12 01:00:00,8.66e-05
2023-06-12 09:00:00,3.065e-05
2023-06-12 17:00:00,3.624e-05
2023-06-13 01:00:00,0.0001
2023-06-13 09:00:00,6.18e-05
2023-06-13 17:00:00,6.503e-05
2023-06-14 01:00:00,2.438e-05
2023-06-14 09:00:00,2.716e-05
2023-06-14 17:00:00,3.661e-05
2023-06-15 01:00:00,-3.265e-05
2023-06-15 09:00:00,6.193e-05
2023-06-15 17:00:00,6.687e-05
2023-06-16 01:00:00,3.971e-05
2023-06-16 09:00:00,7.81e-06
2023-06-16 17:00:00,2.36e-06
2023-06-17 01:00:00,9.868e-05
2023-06-17 09:00:00,0.0001
2023-06-17 17:00:00,7.543e-05
2023-06-18 01:00:00,3.706e-05
2023-06-18 09:00:00,8.233e-05
2023-06-18 17:00:00,6.705e-05
2023-06-19 01:00:00,7.04e-05
2023-06-19 09:00:00,6.397e-05
2023-06-19 17:00:00,3.69e-05
2023-06-20 01:00:00,4.35e-05
2023-06-20 09:00:00,-4.48e-06
2023-06-20 17:00:00,-2.597e-05
2023-06-21 01:00:00,6.295e-05
2023-06-21 09:00:00,0.0001
2023-06-21 17:00:00,2.551e-05
2023-06-22 01:00:00,0.0001
2023-06-22 09:00:00,0.0001
2023-06-22 17:00:00,9.236e-05
2023-06-23 01:00:00,0.0001
2023-06-23 09:00:00,0.0001
2023-06-23 17:00:00,0.0001
2023-06-24 01:00:00,0.0001
2023-06-24 09:00:00,0.0001
2023-06-24 17:00:00,0.0001
2023-06-25 01:00:00,0.0001
2023-06-25 09:00:00,0.0001
2023-06-25 17:00:00,0.0001
2023-06-26 01:00:00,0.0001
2023-06-26 09:00:00,0.0001
2023-06-26 17:00:00,0.0001
2023-06-27 01:00:00,0.0001
2023-06-27 09:00:00,0.0001
2023-06-27 17:00:00,0.0001
2023-06-28 01:00:00,0.0001
2023-06-28 09:00:00,9.302e-05
2023-06-28 17:00:00,4.598e-05
2023-06-29 01:00:00,6.574e-05
2023-06-29 09:00:00,9.3e-05
2023-06-29 17:00:00,0.0001
2023-06-30 01:00:00,0.0001
2023-06-30 09:00:00,0.0001
2023-06-30 17:00:00,0.0001
2023-07-01 01:00:00,0.0001
2023-07-01 09:00:00,0.0001
2023-07-01 17:00:00,0.0001
2023-07-02 01:00:00,0.0001
2023-07-02 09:00:00,0.0001
2023-07-02 17:00:00,0.0001
2023-07-03 01:00:00,0.0001
2023-07-03 09:00:00,0.0001
2023-07-03 17:00:00,0.0001
2023-07-04 01:00:00,0.0001
2023-07-04 09:00:00,0.0001
2023-07-04 17:00:00,0.0001
2023-07-05 01:00:00,0.0001
2023-07-05 09:00:00,0.0001
2023-07-05 17:00:00,0.0001
2023-07-06 01:00:00,0.0001
2023-07-06 09:00:00,7.72e-05
2023-07-06 17:00:00,1.492e-05
2023-07-07 01:00:00,6.98e-06
2023-07-07 09:00:00,4.221e-05
2023-07-07 17:00:00,-6.58e-06
2023-07-08 01:00:00,3.757e-05
2023-07-08 09:00:00,2.631e-05
2023-07-08 17:00:00,1.686e-05
2023-07-09 01:00:00,5.707e-05
2023-07-09 09:00:00,6.821e-05
2023-07-09 17:00:00,6.153e-05
2023-07-10 01:00:00,-2.182e-05
2023-07-10 09:00:00,4.85e-05
2023-07-10 17:00:00,2.995e-05
2023-07-11 01:00:00,8.01e-05
2023-07-11 09:00:00,8.265e-05
2023-07-11 17:00:00,3.954e-05
2023-07-12 01:00:00,7.041e-05
2023-07-12 09:00:00,6.479e-05
2023-07-12 17:00:00,4.65e-05
2023-07-13 01:00:00,-1.135e-05
2023-07-13 09:00:00,6.12e-05
2023-07-13 17:00:00,5.29e-06
2023-07-14 01:00:00,0.0001
2023-07-14 09:00:00,0.0001
2023-07-14 17:00:00,0.0001
2023-07-15 01:00:00,-7.313e-05
2023-07-15 09:00:00,3.007e-05
2023-07-15 17:00:00,2.984e-05
2023-07-16 01:00:00,1.993e-05
2023-07-16 09:00:00,7.772e-05
2023-07-16 17:00:00,4.583e-05
2023-07-17 01:00:00,2.785e-05
2023-07-17 09:00:00,6.278e-05
2023-07-17 17:00:00,6.261e-05
2023-07-18 01:00:00,3.983e-05
2023-07-18 09:00:00,6.798e-05
2023-07-18 17:00:00,7.477e-05
2023-07-19 01:00:00,0.0001
2023-07-19 09:00:00,5.224e-05
2023-07-19 17:00:00,7.69e-05
2023-07-20 01:00:00,2.652e-05
2023-07-20 09:00:00,9.641e-05
2023-07-20 17:00:00,5.563e-05
2023-07-21 01:00:00,2.877e-05
2023-07-21 09:00:00,7.77e-06
2023-07-21 17:00:00,3.717e-05
2023-07-22 01:00:00,2.195e-05
2023-07-22 09:00:00,9.44e-06
2023-07-22 17:00:00,1.77e-06
2023-07-23 01:00:00,2.908e-05
2023-07-23 09:00:00,0.0001
2023-07-23 17:00:00,9.372e-05
2023-07-24 01:00:00,0.0001
2023-07-24 09:00:00,4.338e-05
2023-07-24 17:00:00,0.0001
2023-07-25 01:00:00,7.702e-05
2023-07-25 09:00:00,6.913e-05
2023-07-25 17:00:00,9.465e-05
2023-07-26 01:00:00,9.451e-05
2023-07-26 09:00:00,0.0001
2023-07-26 17:00:00,5.768e-05
2023-07-27 01:00:00,3.136e-05
2023-07-27 09:00:00,3.83e-05
2023-07-27 17:00:00,2.876e-05
2023-07-28 01:00:00,4.373e-05
2023-07-28 09:00:00,6.675e-05
2023-07-28 17:00:00,0.0001
2023-07-29 01:00:00,0.0001
2023-07-29 09:00:00,4.567e-05
2023-07-29 17:00:00,7.53e-05
2023-07-30 01:00:00,8.151e-05
2023-07-30 09:00:00,5.56e-05
2023-07-30 17:00:00,4.357e-05
2023-07-31 01:00:00,2.369e-05
2023-07-31 09:00:00,7.362e-05
2023-07-31 17:00:00,8.239e-05
2023-08-01 01:00:00,6.3e-05
2023-08-01 09:00:00,6.768e-05
2023-08-01 17:00:00,0.0001
2023-08-02 01:00:00,0.0001
2023-08-02 09:00:00,0.0001
2023-08-02 17:00:00,0.0001
2023-08-03 01:00:00,0.0001
2023-08-03 09:00:00,0.0001
2023-08-03 17:00:00,0.0001
2023-08-04 01:00:00,8.116e-05
2023-08-04 09:00:00,0.0001
2023-08-04 17:00:00,0.0001
2023-08-05 01:00:00,4.181e-05
2023-08-05 09:00:00,0.0001
2023-08-05 17:00:00,0.0001
2023-08-06 01:00:00,0.0001
2023-08-06 09:00:00,0.0001
2023-08-06 17:00:00,0.0001
2023-08-07 01:00:00,0.0001
2023-08-07 09:00:00,7.669e-05
2023-08-07 17:00:00,0.0001
2023-08-08 01:00:00,0.0001
2023-08-08 09:00:00,9.136e-05
2023-08-08 17:00:00,5.944e-05
2023-08-09 01:00:00,8.11e-05
2023-08-09 09:00:00,9.527e-05
2023-08-09 17:00:00,8.877e-05
2023-08-10 01:00:00,0.0001
2023-08-10 09:00:00,0.0001
2023-08-10 17:00:00,8.277e-05
2023-08-11 01:00:00,0.0001
2023-08-11 09:00:00,0.0001
2023-08-11 17:00:00,7.123e-05
2023-08-12 01:00:00,0.0001
2023-08-12 09:00:00,0.0001
2023-08-12 17:00:00,9.305e-05
2023-08-13 01:00:00,0.0001
2023-08-13 09:00:00,4.637e-05
2023-08-13 17:00:00,0.0001
2023-08-14 01:00:00,0.0001
2023-08-14 09:00:00,0.0001
2023-08-14 17:00:00,0.0001
2023-08-15 01:00:00,0.0001
2023-08-15 09:00:00,0.0001
2023-08-15 17:00:00,0.0001
2023-08-16 01:00:00,0.0001
2023-08-16 09:00:00,0.0001
2023-08-16 17:00:00,0.0001
2023-08-17 01:00:00,0.0001
2023-08-17 09:00:00,0.0001
2023-08-17 17:00:00,0.0001
2023-08-18 01:00:00,0.0001
2023-08-18 09:00:00,-4.6e-07
2023-08-18 17:00:00,5.166e-05
2023-08-19 01:00:00,-2.74e-06
2023-08-19 09:00:00,-3.22e-06
2023-08-19 17:00:00,-5.286e-05
2023-08-20 01:00:00,-3.069e-05
2023-08-20 09:00:00,-4.364e-05
2023-08-20 17:00:00,-1.93e-06
2023-08-21 01:00:00,-2.797e-05
2023-08-21 09:00:00,8.16e-06
2023-08-21 17:00:00,-1.619e-05
2023-08-22 01:00:00,-3.08e-06
2023-08-22 09:00:00,-1.928e-05
2023-08-22 17:00:00,3.048e-05
2023-08-23 01:00:00,7.39e-06
2023-08-23 09:00:00,-1.02e-05
2023-08-23 17:00:00,3.247e-05
2023-08-24 01:00:00,-2.822e-05
2023-08-24 09:00:00,2.506e-05
2023-08-24 17:00:00,4.9e-05
2023-08-25 01:00:00,-6.59e-06
2023-08-25 09:00:00,2.802e-05
2023-08-25 17:00:00,5.218e-05
2023-08-26 01:00:00,3.82e-05
2023-08-26 09:00:00,5.334e-05
2023-08-26 17:00:00,2.096e-05
2023-08-27 01:00:00,9.9e-07
2023-08-27 09:00:00,3.976e-05
2023-08-27 17:00:00,1.232e-05
2023-08-28 01:00:00,-3.95e-06
2023-08-28 09:00:00,4.424e-05
2023-08-28 17:00:00,4.524e-05
2023-08-29 01:00:00,8.24e-06
2023-08-29 09:00:00,3.769e-05
2023-08-29 17:00:00,-0.00010934
2023-08-30 01:00:00,4.868e-05
2023-08-30 09:00:00,5.731e-05
2023-08-30 17:00:00,3.944e-05
2023-08-31 01:00:00,2.909e-05
2023-08-31 09:00:00,6.859e-05
2023-08-31 17:00:00,8.105e-05
2023-09-01 01:00:00,2.583e-05
2023-09-01 09:00:00,5.968e-05
2023-09-01 17:00:00,6.254e-05
2023-09-02 01:00:00,4.998e-05
2023-09-02 09:00:00,1.937e-05
2023-09-02 17:00:00,-2.018e-05
2023-09-03 01:00:00,4.839e-05
2023-09-03 09:00:00,2.35e-06
2023-09-03 17:00:00,2.89e-05
2023-09-04 01:00:00,2.69e-05
2023-09-04 09:00:00,1.469e-05
2023-09-04 17:00:00,-1.059e-05
2023-09-05 01:00:00,5.3e-07
2023-09-05 09:00:00,1.975e-05
2023-09-05 17:00:00,3.366e-05
2023-09-06 01:00:00,1.737e-05
2023-09-06 09:00:00,-2.763e-05
2023-09-06 17:00:00,2.135e-05
2023-09-07 01:00:00,3.83e-05
2023-09-07 09:00:00,3.883e-05
2023-09-07 17:00:00,6.924e-05
2023-09-08 01:00:00,-1.525e-05
2023-09-08 09:00:00,5.12e-06
2023-09-08 17:00:00,-1.691e-05
2023-09-09 01:00:00,-5.057e-05
2023-09-09 09:00:00,-3.77e-06
2023-09-09 17:00:00,1.423e-05
2023-09-10 01:00:00,-7.3e-07
2023-09-10 09:00:00,3.294e-05
2023-09-10 17:00:00,2.609e-05
2023-09-11 01:00:00,-3e-06
2023-09-11 09:00:00,1.823e-05
2023-09-11 17:00:00,1.838e-05
2023-09-12 01:00:00,2.73e-05
2023-09-12 09:00:00,5.425e-05
2023-09-12 17:00:00,-3.502e-05
2023-09-13 01:00:00,2.342e-05
2023-09-13 09:00:00,1.26e-05
2023-09-13 17:00:00,3.099e-05
2023-09-14 01:00:00,4.61e-06
2023-09-14 09:00:00,3.428e-05
2023-09-14 17:00:00,-4.748e-05
2023-09-15 01:00:00,-2.641e-05
2023-09-15 09:00:00,-7.61e-06
2023-09-15 17:00:00,7.561e-05
2023-09-16 01:00:00,-1.381e-05
2023-09-16 09:00:00,-4.32e-05
2023-09-16 17:00:00,-3.161e-05
2023-09-17 01:00:00,8.97e-06
2023-09-17 09:00:00,1.142e-05
2023-09-17 17:00:00,6.49e-06
2023-09-18 01:00:00,-5.08e-06
2023-09-18 09:00:00,5.79e-06
2023-09-18 17:00:00,-6.774e-05
2023-09-19 01:00:00,2.468e-05
2023-09-19 09:00:00,-1.972e-05
2023-09-19 17:00:00,-1.756e-05
2023-09-20 01:00:00,-2.614e-05
2023-09-20 09:00:00,-3.777e-05
2023-09-20 17:00:00,-9.91e-06
2023-09-21 01:00:00,-2.9e-07
2023-09-21 09:00:00,4.303e-05
2023-09-21 17:00:00,7.429e-05
2023-09-22 01:00:00,-6.2e-07
2023-09-22 09:00:00,1.034e-05
2023-09-22 17:00:00,2.136e-05
2023-09-23 01:00:00,6.676e-05
2023-09-23 09:00:00,1.556e-05
2023-09-23 17:00:00,2.09e-06
2023-09-24 01:00:00,-1.392e-05
2023-09-24 09:00:00,4.721e-05
2023-09-24 17:00:00,2.887e-05
2023-09-25 01:00:00,-1.26e-05
2023-09-25 09:00:00,8.565e-05
2023-09-25 17:00:00,4.792e-05
2023-09-26 01:00:00,-3.91e-05
2023-09-26 09:00:00,-1.215e-05
2023-09-26 17:00:00,5.626e-05
2023-09-27 01:00:00,9.944e-05
2023-09-27 09:00:00,3.378e-05
2023-09-27 17:00:00,2.074e-05
2023-09-28 01:00:00,6.74e-06
2023-09-28 09:00:00,-1.581e-05
2023-09-28 17:00:00,-4.732e-05
2023-09-29 01:00:00,-3.894e-05
2023-09-29 09:00:00,-2.567e-05
2023-09-29 17:00:00,4.76e-06
2023-09-30 01:00:00,6.43e-06
2023-09-30 09:00:00,1.864e-05
2023-09-30 17:00:00,1.525e-05
2023-10-01 01:00:00,2.95e-06
2023-10-01 09:00:00,-6.19e-06
2023-10-01 17:00:00,-2.263e-05
2023-10-02 01:00:00,5.831e-05
2023-10-02 09:00:00,7.28e-06
2023-10-02 17:00:00,-1.477e-05
2023-10-03 01:00:00,4.172e-05
2023-10-03 09:00:00,1.667e-05
2023-10-03 17:00:00,2.5e-05
2023-10-04 01:00:00,6.031e-05
2023-10-04 09:00:00,6.2e-05
2023-10-04 17:00:00,-2.857e-05
2023-10-05 01:00:00,-3.807e-05
2023-10-05 09:00:00,-4.268e-05
2023-10-05 17:00:00,-2.302e-05
2023-10-06 01:00:00,-1.106e-05
2023-10-06 09:00:00,1.436e-05
2023-10-06 17:00:00,-3.149e-05
2023-10-07 01:00:00,2.124e-05
2023-10-07 09:00:00,2.849e-05
2023-10-07 17:00:00,2.083e-05
2023-10-08 01:00:00,3.14e-06
2023-10-08 09:00:00,9.74e-06
2023-10-08 17:00:00,5.163e-05
2023-10-09 01:00:00,3.992e-05
2023-10-09 09:00:00,3.515e-05
2023-10-09 17:00:00,7.838e-05
2023-10-10 01:00:00,6.349e-05
2023-10-10 09:00:00,1.894e-05
2023-10-10 17:00:00,4.548e-05
2023-10-11 01:00:00,5.918e-05
2023-10-11 09:00:00,8.33e-05
2023-10-11 17:00:00,6.319e-05
2023-10-12 01:00:00,0.0001
2023-10-12 09:00:00,2.661e-05
2023-10-12 17:00:00,7.304e-05
2023-10-13 01:00:00,2.294e-05
2023-10-13 09:00:00,2.039e-05
2023-10-13 17:00:00,2.326e-05
2023-10-14 01:00:00,1.05e-06
2023-10-14 09:00:00,2.211e-05
2023-10-14 17:00:00,2.456e-05
2023-10-15 01:00:00,-1.509e-05
2023-10-15 09:00:00,4.292e-05
2023-10-15 17:00:00,2.224e-05
2023-10-16 01:00:00,5.11e-06
2023-10-16 09:00:00,2.8e-07
2023-10-16 17:00:00,9.644e-05
2023-10-17 01:00:00,2.04e-06
2023-10-17 09:00:00,1.493e-05
2023-10-17 17:00:00,-2.311e-05
2023-10-18 01:00:00,-3.343e-05
2023-10-18 09:00:00,-1.216e-05
2023-10-18 17:00:00,1.644e-05
2023-10-19 01:00:00,-1.028e-05
2023-10-19 09:00:00,-6.24e-06
2023-10-19 17:00:00,-0.00011006
2023-10-20 01:00:00,-9.272e-05
2023-10-20 09:00:00,1.938e-05
2023-10-20 17:00:00,2.687e-05
2023-10-21 01:00:00,-1.585e-05
2023-10-21 09:00:00,4.374e-05
2023-10-21 17:00:00,5.827e-05
2023-10-22 01:00:00,2.567e-05
2023-10-22 09:00:00,2.579e-05
2023-10-22 17:00:00,3.115e-05
2023-10-23 01:00:00,8.25e-05
2023-10-23 09:00:00,9.59e-05
2023-10-23 17:00:00,6.48e-06
2023-10-24 01:00:00,0.0001
2023-10-24 09:00:00,0.0001
2023-10-24 17:00:00,0.0001
2023-10-25 01:00:00,0.0001
2023-10-25 09:00:00,0.0001
2023-10-25 17:00:00,0.0001
2023-10-26 01:00:00,0.0001
2023-10-26 09:00:00,0.0001
2023-10-26 17:00:00,0.0001
2023-10-27 01:00:00,0.0001
2023-10-27 09:00:00,0.0001
2023-10-27 17:00:00,0.0001
2023-10-28 01:00:00,0.0001
2023-10-28 09:00:00,0.0001
2023-10-28 17:00:00,0.0001
2023-10-29 01:00:00,0.0001
2023-10-29 08:00:00,0.0001
2023-10-29 16:00:00,0.0001
2023-10-30 00:00:00,0.0001
2023-10-30 08:00:00,0.0001
2023-10-30 16:00:00,0.0001
2023-10-31 00:00:00,0.0001
2023-10-31 08:00:00,0.0001
2023-10-31 16:00:00,0.0001
2023-11-01 00:00:00,0.0001
2023-11-01 08:00:00,0.0001
2023-11-01 16:00:00,0.0001
2023-11-02 00:00:00,0.0001
2023-11-02 08:00:00,0.0001
2023-11-02 16:00:00,0.0001
2023-11-03 00:00:00,0.0001
2023-11-03 08:00:00,0.0001
2023-11-03 16:00:00,0.0001
2023-11-04 00:00:00,0.0001
2023-11-04 08:00:00,0.0001
2023-11-04 16:00:00,0.0001
2023-11-05 00:00:00,0.0001
2023-11-05 08:00:00,0.0001
2023-11-05 16:00:00,0.0001
2023-11-06 00:00:00,0.0001
2023-11-06 08:00:00,0.0001
2023-11-06 16:00:00,0.0001
2023-11-07 00:00:00,0.0001
2023-11-07 08:00:00,0.0001
2023-11-07 16:00:00,0.0001
2023-11-08 00:00:00,0.0001
2023-11-08 08:00:00,0.0001
2023-11-08 16:00:00,0.0001
2023-11-09 00:00:00,0.0001
2023-11-09 08:00:00,0.0001
2023-11-09 16:00:00,0.00020027
2023-11-10 00:00:00,0.0001
2023-11-10 08:00:00,0.00011682
2023-11-10 16:00:00,0.0001
2023-11-11 00:00:00,0.0001
2023-11-11 08:00:00,0.00016607
2023-11-11 16:00:00,0.00014648
2023-11-12 00:00:00,0.0001543
2023-11-12 08:00:00,0.00023487
2023-11-12 16:00:00,0.00027221
2023-11-13 00:00:00,0.00032467
2023-11-13 08:00:00,0.00010893
2023-11-13 16:00:00,0.00020492
2023-11-14 00:00:00,0.00017382
2023-11-14 08:00:00,0.00016369
2023-11-14 16:00:00,0.00014477
2023-11-15 00:00:00,0.0001
2023-11-15 08:00:00,0.0001
2023-11-15 16:00:00,0.0001
2023-11-16 00:00:00,0.0001
2023-11-16 08:00:00,0.00015199
2023-11-16 16:00:00,0.00012014
2023-11-17 00:00:00,0.0001
2023-11-17 08:00:00,0.0001
2023-11-17 16:00:00,0.0001
2023-11-18 00:00:00,0.0001
2023-11-18 08:00:00,0.0001
2023-11-18 16:00:00,0.0001
2023-11-19 00:00:00,0.0001
2023-11-19 08:00:00,0.0001
2023-11-19 16:00:00,0.0001
2023-11-20 00:00:00,0.0001
2023-11-20 08:00:00,0.0001
2023-11-20 16:00:00,0.0001
2023-11-21 00:00:00,0.0001
2023-11-21 08:00:00,0.0001
2023-11-21 16:00:00,0.0001
2023-11-22 00:00:00,0.0001
2023-11-22 08:00:00,0.0001
2023-11-22 16:00:00,0.0001
2023-11-23 00:00:00,0.0001
2023-11-23 08:00:00,0.0001
2023-11-23 16:00:00,0.0001
2023-11-24 00:00:00,0.0001
2023-11-24 08:00:00,0.0001
2023-11-24 16:00:00,0.0001
2023-11-25 00:00:00,0.0001
2023-11-25 08:00:00,0.0001
2023-11-25 16:00:00,0.0001
2023-11-26 00:00:00,0.0001
2023-11-26 08:00:00,0.0001
2023-11-26 16:00:00,0.0001
2023-11-27 00:00:00,0.0001
2023-11-27 08:00:00,0.0001
2023-11-27 16:00:00,0.0001
2023-11-28 00:00:00,0.0001
2023-11-28 08:00:00,0.0001
2023-11-28 16:00:00,0.0001
2023-11-29 00:00:00,0.0001
2023-11-29 08:00:00,0.0001
2023-11-29 16:00:00,0.0001
2023-11-30 00:00:00,0.0001
2023-11-30 08:00:00,0.0001
2023-11-30 16:00:00,0.0001
2023-12-01 00:00:00,0.0001
2023-12-01 08:00:00,0.0001
2023-12-01 16:00:00,0.0001
2023-12-02 00:00:00,9.95e-05
2023-12-02 08:00:00,6.973e-05
2023-12-02 16:00:00,8.541e-05
2023-12-03 00:00:00,0.0001
2023-12-03 08:00:00,0.0001
2023-12-03 16:00:00,0.0001
2023-12-04 00:00:00,0.0001
2023-12-04 08:00:00,0.0001
2023-12-04 16:00:00,0.0001
2023-12-05 00:00:00,0.0001
2023-12-05 08:00:00,0.0001
2023-12-05 16:00:00,0.0001
2023-12-06 00:00:00,0.0001
2023-12-06 08:00:00,0.0001
2023-12-06 16:00:00,0.0001
2023-12-07 00:00:00,0.0001
2023-12-07 08:00:00,0.0001
2023-12-07 16:00:00,0.0001
2023-12-08 00:00:00,0.0001
2023-12-08 08:00:00,0.00023288
2023-12-08 16:00:00,0.00020242
2023-12-09 00:00:00,0.00011504
2023-12-09 08:00:00,0.00030159
2023-12-09 16:00:00,0.00017192
2023-12-10 00:00:00,0.00020724
2023-12-10 08:00:00,0.00020383
2023-12-10 16:00:00,0.00023923
2023-12-11 00:00:00,0.0001473
2023-12-11 08:00:00,0.0001
2023-12-11 16:00:00,0.0001
2023-12-12 00:00:00,0.0001
2023-12-12 08:00:00,0.0001
2023-12-12 16:00:00,0.0001
2023-12-13 00:00:00,0.00011909
2023-12-13 08:00:00,0.00010162
2023-12-13 16:00:00,0.00012601
2023-12-14 00:00:00,0.0001
2023-12-14 08:00:00,0.0001
2023-12-14 16:00:00,0.0001
2023-12-15 00:00:00,0.0001
2023-12-15 08:00:00,0.0001
2023-12-15 16:00:00,0.0001
2023-12-16 00:00:00,0.0001
2023-12-16 08:00:00,0.0001
2023-12-16 16:00:00,0.0001
2023-12-17 00:00:00,0.0001
2023-12-17 08:00:00,0.0001
2023-12-17 16:00:00,0.0001
2023-12-18 00:00:00,0.00013355
2023-12-18 08:00:00,0.0001
2023-12-18 16:00:00,0.00015611
2023-12-19 00:00:00,0.0001
2023-12-19 08:00:00,0.0001
2023-12-19 16:00:00,0.0001
2023-12-20 00:00:00,0.00010506
2023-12-20 08:00:00,0.0001
2023-12-20 16:00:00,0.00023637
2023-12-21 00:00:00,0.00027143
2023-12-21 08:00:00,0.00029216
2023-12-21 16:00:00,0.00028948
2023-12-22 00:00:00,0.00030806
2023-12-22 08:00:00,0.0002961
2023-12-22 16:00:00,0.00018011
2023-12-23 00:00:00,0.00016285
2023-12-23 08:00:00,0.0001
2023-12-23 16:00:00,0.00015066
2023-12-24 00:00:00,0.0001
2023-12-24 08:00:00,0.0002079
2023-12-24 16:00:00,0.00019729
2023-12-25 00:00:00,0.0001
2023-12-25 08:00:00,0.0001
2023-12-25 16:00:00,0.00037908
2023-12-26 00:00:00,0.00043391
2023-12-26 08:00:00,0.00023757
2023-12-26 16:00:00,0.00029559
2023-12-27 00:00:00,0.00027621
2023-12-27 08:00:00,0.00037942
2023-12-27 16:00:00,0.00032304
2023-12-28 00:00:00,0.00013021
2023-12-28 08:00:00,0.00037879
2023-12-28 16:00:00,0.00050152
2023-12-29 00:00:00,0.0005517
2023-12-29 08:00:00,0.00049912
2023-12-29 16:00:00,0.00047082
2023-12-30 00:00:00,0.00033033
2023-12-30 08:00:00,0.0004358
2023-12-30 16:00:00,0.00037842
2023-12-31 00:00:00,0.00027855
2023-12-31 08:00:00,0.00034573
2023-12-31 16:00:00,0.00033597
2024-01-01 00:00:00,0.00037409
2024-01-01 08:00:00,0.00027213
2024-01-01 16:00:00,0.00033601
2024-01-02 00:00:00,0.00065846
2024-01-02 08:00:00,0.00035179
2024-01-02 16:00:00,0.0005373
2024-01-03 00:00:00,0.00021159
2024-01-03 08:00:00,0.00017123
2024-01-03 16:00:00,0.0001
2024-01-04 00:00:00,0.0001
2024-01-04 08:00:00,0.0001
2024-01-04 16:00:00,0.0001
2024-01-05 00:00:00,0.0001
2024-01-05 08:00:00,0.0001
2024-01-05 16:00:00,0.0001
2024-01-06 00:00:00,0.0001
2024-01-06 08:00:00,0.0001
2024-01-06 16:00:00,0.0001
2024-01-07 00:00:00,0.0001
2024-01-07 08:00:00,0.0001
2024-01-07 16:00:00,0.0001
2024-01-08 00:00:00,0.0001
2024-01-08 08:00:00,0.0001
2024-01-08 16:00:00,0.0001
2024-01-09 00:00:00,0.0001
2024-01-09 08:00:00,0.0001
2024-01-09 16:00:00,0.0001
2024-01-10 00:00:00,0.0001
2024-01-10 08:00:00,0.0001
2024-01-10 16:00:00,0.0001
2024-01-11 00:00:00,0.0001
2024-01-11 08:00:00,0.0001
2024-01-11 16:00:00,0.0001
2024-01-12 00:00:00,0.0001
2024-01-12 08:00:00,0.0001
2024-01-12 16:00:00,0.0001
2024-01-13 00:00:00,0.0001
2024-01-13 08:00:00,0.0001
2024-01-13 16:00:00,0.0001
2024-01-14 00:00:00,0.0001
2024-01-14 08:00:00,0.0001
2024-01-14 16:00:00,0.0001
2024-01-15 00:00:00,0.0001
2024-01-15 08:00:00,0.0001
2024-01-15 16:00:00,0.0001
2024-01-16 00:00:00,0.0001
2024-01-16 08:00:00,0.0001
2024-01-16 16:00:00,0.0001
2024-01-17 00:00:00,0.0001
2024-01-17 08:00:00,0.0001
2024-01-17 16:00:00,0.0001
2024-01-18 00:00:00,0.0001
2024-01-18 08:00:00,0.0001
2024-01-18 16:00:00,0.0001
2024-01-19 00:00:00,0.0001
2024-01-19 08:00:00,0.0001
2024-01-19 16:00:00,0.0001
2024-01-20 00:00:00,0.0001
2024-01-20 08:00:00,0.0001
2024-01-20 16:00:00,0.0001
2024-01-21 00:00:00,0.0001
2024-01-21 08:00:00,0.0001
2024-01-21 16:00:00,0.0001
2024-01-22 00:00:00,0.0001
2024-01-22 08:00:00,0.0001
2024-01-22 16:00:00,0.0001
2024-01-23 00:00:00,0.0001
2024-01-23 08:00:00,0.0001
2024-01-23 16:00:00,0.0001
2024-01-24 00:00:00,0.0001
2024-01-24 08:00:00,0.0001
2024-01-24 16:00:00,0.0001
2024-01-25 00:00:00,0.0001
2024-01-25 08:00:00,0.0001
2024-01-25 16:00:00,0.0001
2024-01-26 00:00:00,0.0001
2024-01-26 08:00:00,0.0001
2024-01-26 16:00:00,0.0001
2024-01-27 00:00:00,8.966e-05
2024-01-27 08:00:00,0.0001
2024-01-27 16:00:00,8.3e-05
2024-01-28 00:00:00,0.0001
2024-01-28 08:00:00,4.725e-05
2024-01-28 16:00:00,0.0001
2024-01-29 00:00:00,0.0001
2024-01-29 08:00:00,9.142e-05
2024-01-29 16:00:00,0.0001
2024-01-30 00:00:00,0.0001
2024-01-30 08:00:00,9.492e-05
2024-01-30 16:00:00,5.149e-05
2024-01-31 00:00:00,2.154e-05
2024-01-31 08:00:00,0.0001
2024-01-31 16:00:00,0.0001
2024-02-01 00:00:00,0.0001
2024-02-01 08:00:00,0.0001
2024-02-01 16:00:00,0.0001
2024-02-02 00:00:00,0.0001
2024-02-02 08:00:00,0.0001
2024-02-02 16:00:00,0.0001
2024-02-03 00:00:00,7.627e-05
2024-02-03 08:00:00,9.042e-05
2024-02-03 16:00:00,8.028e-05
2024-02-04 00:00:00,8.307e-05
2024-02-04 08:00:00,8.846e-05
2024-02-04 16:00:00,0.0001
2024-02-05 00:00:00,0.0001
2024-02-05 08:00:00,0.0001
2024-02-05 16:00:00,0.0001
2024-02-06 00:00:00,0.0001
2024-02-06 08:00:00,6.723e-05
2024-02-06 16:00:00,0.0001
2024-02-07 00:00:00,7.527e-05
2024-02-07 08:00:00,5.373e-05
2024-02-07 16:00:00,8.306e-05
2024-02-08 00:00:00,0.0001
2024-02-08 08:00:00,6.535e-05
2024-02-08 16:00:00,2.59e-05
2024-02-09 00:00:00,3.16e-05
2024-02-09 08:00:00,0.0001
2024-02-09 16:00:00,9.801e-05
2024-02-10 00:00:00,8.041e-05
2024-02-10 08:00:00,0.0001
2024-02-10 16:00:00,0.0001
2024-02-11 00:00:00,0.0001
2024-02-11 08:00:00,0.0001
2024-02-11 16:00:00,0.0001
2024-02-12 00:00:00,0.0001
2024-02-12 08:00:00,0.0001
2024-02-12 16:00:00,0.0001
2024-02-13 00:00:00,0.0001
2024-02-13 08:00:00,0.0001
2024-02-13 16:00:00,0.0001
2024-02-14 00:00:00,0.0001
2024-02-14 08:00:00,0.0001
2024-02-14 16:00:00,0.00012283
2024-02-15 00:00:00,0.0001
2024-02-15 08:00:00,0.0001
2024-02-15 16:00:00,0.0001
2024-02-16 00:00:00,0.0001
2024-02-16 08:00:00,0.0001
2024-02-16 16:00:00,0.0001
2024-02-17 00:00:00,0.0001
2024-02-17 08:00:00,0.0001
2024-02-17 16:00:00,0.00016041
2024-02-18 00:00:00,0.0001724
2024-02-18 08:00:00,0.00015305
2024-02-18 16:00:00,0.00017095
2024-02-19 00:00:00,0.00023064
2024-02-19 08:00:00,0.00019594
2024-02-19 16:00:00,0.00013327
2024-02-20 00:00:00,0.00010461
2024-02-20 08:00:00,0.00010912
2024-02-20 16:00:00,0.00020259
2024-02-21 00:00:00,0.0001
2024-02-21 08:00:00,0.00011242
2024-02-21 16:00:00,0.0001
2024-02-22 00:00:00,0.0001
2024-02-22 08:00:00,0.0001348
2024-02-22 16:00:00,0.00012557
2024-02-23 00:00:00,0.0001
2024-02-23 08:00:00,0.0001
2024-02-23 16:00:00,0.00012991
2024-02-24 00:00:00,0.0001
2024-02-24 08:00:00,0.0001
2024-02-24 16:00:00,0.0001
2024-02-25 00:00:00,0.00011438
2024-02-25 08:00:00,0.00015012
2024-02-25 16:00:00,0.00015062
2024-02-26 00:00:00,0.00026761
2024-02-26 08:00:00,0.00021567
2024-02-26 16:00:00,0.00027227
2024-02-27 00:00:00,0.00032262
2024-02-27 08:00:00,0.00073521
2024-02-27 16:00:00,0.00022965
2024-02-28 00:00:00,0.00026729
2024-02-28 08:00:00,0.00023682
2024-02-28 16:00:00,0.00053538
2024-02-29 00:00:00,0.00069091
2024-02-29 08:00:00,0.00076337
2024-02-29 16:00:00,0.00057031
2024-03-01 00:00:00,0.00053322
2024-03-01 08:00:00,0.00064824
2024-03-01 16:00:00,0.0004601
2024-03-02 00:00:00,0.00033426
2024-03-02 08:00:00,0.00057174
2024-03-02 16:00:00,0.00056396
2024-03-03 00:00:00,0.00046267
2024-03-03 08:00:00,0.00042989
2024-03-03 16:00:00,0.00044598
2024-03-04 00:00:00,0.00055071
2024-03-04 08:00:00,0.00046833
2024-03-04 16:00:00,0.0006362
2024-03-05 00:00:00,0.0004896
2024-03-05 08:00:00,0.00082969
2024-03-05 16:00:00,0.00088148
2024-03-06 00:00:00,0.0003628
2024-03-06 08:00:00,0.00033876
2024-03-06 16:00:00,0.00049354
2024-03-07 00:00:00,0.00030311
2024-03-07 08:00:00,0.00040984
2024-03-07 16:00:00,0.00054217
2024-03-08 00:00:00,0.00034819
2024-03-08 08:00:00,0.00043497
2024-03-08 16:00:00,0.00062913
2024-03-09 00:00:00,0.00019134
2024-03-09 08:00:00,0.00031281
2024-03-09 16:00:00,0.00026407
2024-03-10 00:00:00,0.0003101
2024-03-10 08:00:00,0.00063451
2024-03-10 16:00:00,0.00054479
2024-03-11 00:00:00,0.00035489
2024-03-11 08:00:00,0.00078428
2024-03-11 16:00:00,0.00066396
2024-03-12 00:00:00,0.0004447
2024-03-12 08:00:00,0.000453
2024-03-12 16:00:00,0.00047935
2024-03-13 00:00:00,0.00033224
2024-03-13 08:00:00,0.0006442
2024-03-13 16:00:00,0.00045402
2024-03-14 00:00:00,0.00024393
2024-03-14 08:00:00,0.00038753
2024-03-14 16:00:00,0.00038258
2024-03-15 00:00:00,0.00038515
2024-03-15 08:00:00,0.00014328
2024-03-15 16:00:00,0.00015306
2024-03-16 00:00:00,0.0001
2024-03-16 08:00:00,0.00023202
2024-03-16 16:00:00,0.00020813
2024-03-17 00:00:00,0.00013089
2024-03-17 08:00:00,0.00017773
2024-03-17 16:00:00,0.00024827
2024-03-18 00:00:00,0.00020181
2024-03-18 08:00:00,0.00030597
2024-03-18 16:00:00,0.00027195
2024-03-19 00:00:00,0.00026923
2024-03-19 08:00:00,0.00029065
2024-03-19 16:00:00,0.00024018
2024-03-20 00:00:00,0.00015847
2024-03-20 08:00:00,0.00018388
2024-03-20 16:00:00,0.0001
2024-03-21 00:00:00,0.00010403
2024-03-21 08:00:00,0.00019304
2024-03-21 16:00:00,0.0001951
2024-03-22 00:00:00,0.00016271
2024-03-22 08:00:00,0.0001
2024-03-22 16:00:00,0.00011993
2024-03-23 00:00:00,0.0001
2024-03-23 08:00:00,0.0001
2024-03-23 16:00:00,0.00010806
2024-03-24 00:00:00,0.00010351
2024-03-24 08:00:00,0.00014616
2024-03-24 16:00:00,0.00015884
2024-03-25 00:00:00,0.00025549
2024-03-25 08:00:00,0.00016324
2024-03-25 16:00:00,0.00028815
2024-03-26 00:00:00,0.00021963
2024-03-26 08:00:00,0.00018348
2024-03-26 16:00:00,0.00026764
2024-03-27 00:00:00,0.00028757
2024-03-27 08:00:00,0.00029551
2024-03-27 16:00:00,0.00043631
2024-03-28 00:00:00,0.00024195
2024-03-28 08:00:00,0.00029899
2024-03-28 16:00:00,0.0002943
2024-03-29 00:00:00,0.0001825
2024-03-29 08:00:00,0.00025456
2024-03-29 16:00:00,0.0003017
2024-03-30 00:00:00,0.00019624
2024-03-30 08:00:00,0.00032267
2024-03-30 16:00:00,0.0003436
2024-03-31 00:00:00,0.00032351
2024-03-31 09:00:00,0.00039889
2024-03-31 17:00:00,0.00040301
2024-04-01 01:00:00,0.00070161
2024-04-01 09:00:00,0.00033491
2024-04-01 17:00:00,0.00027469
2024-04-02 01:00:00,0.00010926
2024-04-02 09:00:00,0.0001
2024-04-02 17:00:00,0.00016456
2024-04-03 01:00:00,0.0001
2024-04-03 09:00:00,0.0001
2024-04-03 17:00:00,0.0001
2024-04-04 01:00:00,0.0001
2024-04-04 09:00:00,0.0001
2024-04-04 17:00:00,0.0001
2024-04-05 01:00:00,0.0001
2024-04-05 09:00:00,0.0001
2024-04-05 17:00:00,0.0001
2024-04-06 01:00:00,0.0001
2024-04-06 09:00:00,0.0001
2024-04-06 17:00:00,0.0001
2024-04-07 01:00:00,0.0001
2024-04-07 09:00:00,0.0001
2024-04-07 17:00:00,0.0001
2024-04-08 01:00:00,0.0001
2024-04-08 09:00:00,0.0001
2024-04-08 17:00:00,0.00035189
2024-04-09 01:00:00,0.00020915
2024-04-09 09:00:00,0.00020603
2024-04-09 17:00:00,0.00019061
2024-04-10 01:00:00,0.00011929
2024-04-10 09:00:00,0.00012457
2024-04-10 17:00:00,0.0001
2024-04-11 01:00:00,0.00013979
2024-04-11 09:00:00,0.00020153
2024-04-11 17:00:00,0.00019763
2024-04-12 01:00:00,0.00011258
2024-04-12 09:00:00,0.0002563
2024-04-12 17:00:00,0.00012214
2024-04-13 01:00:00,0.0001
2024-04-13 09:00:00,0.0001
2024-04-13 17:00:00,0.0001
2024-04-14 01:00:00,0.0001
2024-04-14 09:00:00,0.0001
2024-04-14 17:00:00,0.0001
2024-04-15 01:00:00,0.0001
2024-04-15 09:00:00,1.759e-05
2024-04-15 17:00:00,0.0001
2024-04-16 01:00:00,5.953e-05
2024-04-16 09:00:00,9.525e-05
2024-04-16 17:00:00,3.513e-05
2024-04-17 01:00:00,6.375e-05
2024-04-17 09:00:00,3.574e-05
2024-04-17 17:00:00,6.534e-05
2024-04-18 01:00:00,6.937e-05
2024-04-18 09:00:00,5.982e-05
2024-04-18 17:00:00,-3.334e-05
2024-04-19 01:00:00,-3.12e-05
2024-04-19 09:00:00,6.641e-05
2024-04-19 17:00:00,5.88e-05
2024-04-20 01:00:00,0.0001
2024-04-20 09:00:00,-7.66e-06
2024-04-20 17:00:00,4.204e-05
2024-04-21 01:00:00,3.186e-05
2024-04-21 09:00:00,-2.093e-05
2024-04-21 17:00:00,8.271e-05
2024-04-22 01:00:00,4.409e-05
2024-04-22 09:00:00,2.497e-05
2024-04-22 17:00:00,8.98e-06
2024-04-23 01:00:00,-1.236e-05
2024-04-23 09:00:00,5.24e-05
2024-04-23 17:00:00,-1.083e-05
2024-04-24 01:00:00,1.413e-05
2024-04-24 09:00:00,5.302e-05
2024-04-24 17:00:00,7.047e-05
2024-04-25 01:00:00,7.02e-05
2024-04-25 09:00:00,4.069e-05
2024-04-25 17:00:00,1.14e-05
2024-04-26 01:00:00,1.709e-05
2024-04-26 09:00:00,6.85e-06
2024-04-26 17:00:00,5.562e-05
2024-04-27 01:00:00,0.0001
2024-04-27 09:00:00,7.47e-05
2024-04-27 17:00:00,2.834e-05
2024-04-28 01:00:00,1.006e-05
2024-04-28 09:00:00,-2.081e-05
2024-04-28 17:00:00,2.782e-05
2024-04-29 01:00:00,2.472e-05
2024-04-29 09:00:00,5.544e-05
2024-04-29 17:00:00,6.828e-05
2024-04-30 01:00:00,9.74e-05
2024-04-30 09:00:00,9.154e-05
2024-04-30 17:00:00,0.0001
2024-05-01 01:00:00,0.0001
2024-05-01 09:00:00,8.946e-05
2024-05-01 17:00:00,9.902e-05
2024-05-02 01:00:00,6.634e-05
2024-05-02 09:00:00,6.169e-05
2024-05-02 17:00:00,-1.23e-06
2024-05-03 01:00:00,-1.549e-05
2024-05-03 09:00:00,-3.764e-05
2024-05-03 17:00:00,8.091e-05
2024-05-04 01:00:00,2.703e-05
2024-05-04 09:00:00,7.455e-05
2024-05-04 17:00:00,6.265e-05
2024-05-05 01:00:00,6.906e-05
2024-05-05 09:00:00,6.47e-06
2024-05-05 17:00:00,3.893e-05
2024-05-06 01:00:00,6.02e-06
2024-05-06 09:00:00,-1.031e-05
2024-05-06 17:00:00,7.746e-05
2024-05-07 01:00:00,6.064e-05
2024-05-07 09:00:00,1.581e-05
2024-05-07 17:00:00,9.028e-05
2024-05-08 01:00:00,4.891e-05
2024-05-08 09:00:00,5.553e-05
2024-05-08 17:00:00,9.292e-05
2024-05-09 01:00:00,5.648e-05
2024-05-09 09:00:00,3.315e-05
2024-05-09 17:00:00,7.253e-05
2024-05-10 01:00:00,1.026e-05
2024-05-10 09:00:00,5.934e-05
2024-05-10 17:00:00,7.653e-05
2024-05-11 01:00:00,8.881e-05
2024-05-11 09:00:00,3.771e-05
2024-05-11 17:00:00,5.067e-05
2024-05-12 01:00:00,2.604e-05
2024-05-12 09:00:00,2.83e-05
2024-05-12 17:00:00,0.0001
2024-05-13 01:00:00,0.0001
2024-05-13 09:00:00,8.469e-05
2024-05-13 17:00:00,9.151e-05
2024-05-14 01:00:00,9.866e-05
2024-05-14 09:00:00,0.0001
2024-05-14 17:00:00,4.392e-05
2024-05-15 01:00:00,0.0001
2024-05-15 09:00:00,-3.85e-06
2024-05-15 17:00:00,2.373e-05
2024-05-16 01:00:00,2.103e-05
2024-05-16 09:00:00,5.148e-05
2024-05-16 17:00:00,3.543e-05
2024-05-17 01:00:00,4.647e-05
2024-05-17 09:00:00,8.15e-06
2024-05-17 17:00:00,-2.98e-06
2024-05-18 01:00:00,6.28e-06
2024-05-18 09:00:00,8.012e-05
2024-05-18 17:00:00,-7.92e-06
2024-05-19 01:00:00,3.339e-05
2024-05-19 09:00:00,5.21e-05
2024-05-19 17:00:00,4.779e-05
2024-05-20 01:00:00,5.607e-05
2024-05-20 09:00:00,2.479e-05
2024-05-20 17:00:00,2.552e-05
2024-05-21 01:00:00,0.0001
2024-05-21 09:00:00,0.00010517
2024-05-21 17:00:00,0.0001
2024-05-22 01:00:00,0.0001
2024-05-22 09:00:00,0.00015759
2024-05-22 17:00:00,0.0001
2024-05-23 01:00:00,0.0001
2024-05-23 09:00:00,0.0001
2024-05-23 17:00:00,0.0001
2024-05-24 01:00:00,0.0001
2024-05-24 09:00:00,0.0001
2024-05-24 17:00:00,0.0001
2024-05-25 01:00:00,0.0001
2024-05-25 09:00:00,0.0001
2024-05-25 17:00:00,0.0001
2024-05-26 01:00:00,0.0001
2024-05-26 09:00:00,0.0001
2024-05-26 17:00:00,0.0001
2024-05-27 01:00:00,0.0001
2024-05-27 09:00:00,0.0001
2024-05-27 17:00:00,0.0001
2024-05-28 01:00:00,0.0001
2024-05-28 09:00:00,0.0001
2024-05-28 17:00:00,0.0001
2024-05-29 01:00:00,0.0001
2024-05-29 09:00:00,0.0001
2024-05-29 17:00:00,0.00012558
2024-05-30 01:00:00,0.0001
2024-05-30 09:00:00,0.0001
2024-05-30 17:00:00,0.0001
2024-05-31 01:00:00,0.00014599
2024-05-31 09:00:00,0.00012268
2024-05-31 17:00:00,0.0001
2024-06-01 01:00:00,0.0001
2024-06-01 09:00:00,0.0001
2024-06-01 17:00:00,0.0001025
2024-06-02 01:00:00,0.0001
2024-06-02 09:00:00,0.0001
2024-06-02 17:00:00,0.0001
2024-06-03 01:00:00,0.0001
2024-06-03 09:00:00,0.00014135
2024-06-03 17:00:00,0.0001
2024-06-04 01:00:00,0.00012008
2024-06-04 09:00:00,0.0001
2024-06-04 17:00:00,0.0001
2024-06-05 01:00:00,0.0001
2024-06-05 09:00:00,0.00016387
2024-06-05 17:00:00,0.00013226
2024-06-06 01:00:00,0.0001
2024-06-06 09:00:00,0.00010438
2024-06-06 17:00:00,0.0001177
2024-06-07 01:00:00,0.0001
2024-06-07 09:00:00,0.0001
2024-06-07 17:00:00,0.00010166
2024-06-08 01:00:00,0.0001
2024-06-08 09:00:00,0.0001
2024-06-08 17:00:00,0.0001
2024-06-09 01:00:00,0.0001
2024-06-09 09:00:00,0.0001
2024-06-09 17:00:00,0.0001
2024-06-10 01:00:00,0.0001
2024-06-10 09:00:00,0.0001
2024-06-10 17:00:00,0.0001
2024-06-11 01:00:00,0.0001
2024-06-11 09:00:00,0.0001
2024-06-11 17:00:00,0.0001
2024-06-12 01:00:00,0.0001
2024-06-12 09:00:00,0.0001
2024-06-12 17:00:00,0.0001
2024-06-13 01:00:00,0.0001
2024-06-13 09:00:00,0.0001
2024-06-13 17:00:00,0.0001
2024-06-14 01:00:00,0.0001
2024-06-14 09:00:00,0.0001
2024-06-14 17:00:00,0.0001
2024-06-15 01:00:00,0.0001
2024-06-15 09:00:00,0.0001
2024-06-15 17:00:00,0.0001
2024-06-16 01:00:00,0.0001
2024-06-16 09:00:00,0.0001
2024-06-16 17:00:00,0.0001
2024-06-17 01:00:00,0.0001
2024-06-17 09:00:00,0.0001
2024-06-17 17:00:00,0.0001
2024-06-18 01:00:00,0.0001
2024-06-18 09:00:00,8.236e-05
2024-06-18 17:00:00,0.0001
2024-06-19 01:00:00,0.0001
2024-06-19 09:00:00,4.127e-05
2024-06-19 17:00:00,2.967e-05
2024-06-20 01:00:00,3.934e-05
2024-06-20 09:00:00,5.953e-05
2024-06-20 17:00:00,6.879e-05
2024-06-21 01:00:00,3.344e-05
2024-06-21 09:00:00,7.328e-05
2024-06-21 17:00:00,0.0001
2024-06-22 01:00:00,0.0001
2024-06-22 09:00:00,4.146e-05
2024-06-22 17:00:00,0.0001
2024-06-23 01:00:00,0.0001
2024-06-23 09:00:00,2.307e-05
2024-06-23 17:00:00,4.676e-05
2024-06-24 01:00:00,9.534e-05
2024-06-24 09:00:00,0.0001
2024-06-24 17:00:00,7.488e-05
2024-06-25 01:00:00,7.447e-05
2024-06-25 09:00:00,5.949e-05
2024-06-25 17:00:00,7.752e-05
2024-06-26 01:00:00,0.0001
2024-06-26 09:00:00,0.0001
2024-06-26 17:00:00,0.0001
2024-06-27 01:00:00,0.0001
2024-06-27 09:00:00,0.0001
2024-06-27 17:00:00,0.0001
2024-06-28 01:00:00,0.0001
2024-06-28 09:00:00,0.0001
2024-06-28 17:00:00,0.0001
2024-06-29 01:00:00,0.0001
2024-06-29 09:00:00,0.0001
2024-06-29 17:00:00,0.0001
2024-06-30 01:00:00,0.0001
2024-06-30 09:00:00,0.0001
2024-06-30 17:00:00,0.0001
2024-07-01 01:00:00,0.0001
