position_type,position_size,exchange,crypto,pair,margin,open_time,quantity,open_price,transaction_cost_pct,open_transaction_cost,open_value,close_time,close_price,closed,close_transaction_cost,close_value,pnl
long,1200000.0,bybit,bitcoin,BTC/USDT,usd,2023-01-01 16:00:00,72.40831330548058,16556.11,0.001,1200.0,1198800.0,2023-01-09 08:00:00,17194.64,True,1245.0348802949486,1243789.8454146537,44989.84541465365
short,1198800.0,bybit,bitcoin,BTCUSDT,usd,2023-01-01 16:00:00,72.31437124664272,16568.5,0.00055,659.34,1198140.66,2023-01-09 08:00:00,17187.0,True,683.5769042388267,1242183.5217118096,-44042.861711809644
long,600000.0,okx,ethereum,ETH/USDT,usd,2023-01-01 16:00:00,500.95276301273697,1196.52,0.001,600.0,599400.0,2023-01-03 16:00:00,1215.01,True,608.6626165881056,608053.9539715175,8653.953971517505
short,599400.0,okx,ethereum,ETHUSDT,usd,2023-01-01 16:00:00,500.8613540221044,1196.14,0.0005,299.7,599100.3,2023-01-03 16:00:00,1215.11,True,304.30081994289964,608297.3390658564,-9197.03906585637
long,300015.2718875739,okx,bitcoin,BTC/USDT,coin,2023-01-02 08:00:00,17.986872508893132,16663.0,0.001,300.0152718875739,299715.2566156863,2023-01-06 16:00:00,16741.5,True,301.1272261076344,300826.09888152673,1110.8422658404452
short,299715.2566156863,okx,bitcoin,BTCUSDCM,coin,2023-01-02 08:00:00,17.969898681937952,16670.4,0.0005,149.85762830784316,299565.39898737846,2023-01-06 16:00:00,16739.3,True,150.40176250328196,300653.12324406067,-1087.7242566822097
long,149973.07686960782,okx,ethereum,ETH/USDT,coin,2023-01-05 00:00:00,119.44472650158906,1254.33,0.001,149.9730768696078,149823.1037927382,2023-01-07 16:00:00,1264.0,True,150.97813429800857,150827.15616371058,1004.0523709723784
short,149823.1037927382,okx,ethereum,ETHUSDCM,coin,2023-01-05 00:00:00,119.34123816801365,1254.79,0.0005,74.9115518963691,149748.19224084183,2023-01-07 16:00:00,1263.57,True,75.3980041559785,150720.61030780102,-972.4180669591879
long,900000.0,binance,bitcoin,BTC/USDT,coin,2023-01-06 00:00:00,53.41658819440526,16831.85,0.001,900.0,899100.0,2023-01-07 08:00:00,16948.18,True,905.3139517046553,904408.6377529507,5308.637752950657
short,899100.0,binance,bitcoin,BTCUSDCM,coin,2023-01-06 00:00:00,53.43829608838885,16816.6,0.0005,449.55,898650.45,2023-01-07 08:00:00,16937.0,True,452.542210424521,904631.8786386175,-5981.428638617508
long,1800000.0,binance,ethereum,ETH/USDT,usd,2023-01-06 00:00:00,1437.122877122877,1251.25,0.001,1800.0,1798200.0,2023-03-10 08:00:00,1412.27,True,2029.6055256743257,2027575.9201486513,229375.92014865135
short,1798200.0,binance,ethereum,ETHUSDT,usd,2023-01-06 00:00:00,1436.5994980336989,1251.08,0.0005,899.1,1797300.9,2023-03-10 08:00:00,1411.4,True,1013.8082657623814,2026602.7232590003,-229301.82325900043
long,600387.7113136398,bybit,ethereum,ETH/USDT,usd,2023-01-06 00:00:00,478.40993818532684,1253.71,0.001,600.3877113136398,599787.3236023261,2023-01-07 08:00:00,1266.29,True,605.8057206246975,605199.9149040728,5412.591301746666
short,599787.3236023261,bybit,ethereum,ETHUSDT,usd,2023-01-06 00:00:00,478.43684151350396,1252.95,0.00055,329.8830279812794,599457.4405743448,2023-01-07 08:00:00,1265.2,True,332.9250605355869,604985.3668223497,-5527.926248004893
long,2700333.204429235,binance,bitcoin,BTC/USDT,usd,2023-01-07 00:00:00,159.14947108488315,16950.31,0.001,2700.3332044292347,2697632.8712248057,2023-03-03 16:00:00,22335.84,True,3554.7371222365764,3551182.3851143396,853549.5138895339
short,2697632.8712248057,binance,bitcoin,BTCUSDT,usd,2023-01-07 00:00:00,159.13007364238416,16943.9,0.0005,1348.816435612403,2696284.0547891934,2023-03-03 16:00:00,22324.0,True,1776.2098819962919,3550643.5541105876,-854359.4993213941
long,449957.2855070991,okx,ethereum,ETH/USDT,usd,2023-01-07 08:00:00,354.90129106294324,1266.57,0.001,449.95728550709913,449507.328221592,2023-01-08 16:00:00,1261.69,True,447.7754099212049,447327.6345112837,-2179.693710308289
short,449507.328221592,okx,ethereum,ETHUSDT,usd,2023-01-07 08:00:00,354.78266413775015,1266.36,0.0005,224.753664110796,449282.5745574812,2023-01-08 16:00:00,1261.41,True,223.76320018499973,447302.63716981444,1979.9373876667814
long,299945.9485651596,okx,bitcoin,BTC/USDT,coin,2023-01-10 08:00:00,17.41318006837485,17208.0,0.001,299.9459485651596,299646.00261659443,2023-01-11 16:00:00,17437.8,True,303.64755139630694,303343.9038449107,3697.9012283162447
short,299646.00261659443,okx,bitcoin,BTCUSDCM,coin,2023-01-10 08:00:00,17.397699618075606,17214.7,0.0005,149.82300130829722,299496.1796152861,2023-01-11 16:00:00,17443.2,True,151.73577698900823,303319.8182010274,-3823.6385857412824
long,149971.26392721653,okx,ethereum,ETH/USDT,coin,2023-01-11 00:00:00,111.89127078117784,1338.99,0.001,149.97126392721654,149821.29266328932,2023-01-12 08:00:00,1400.8,True,156.7372921102739,156580.55481816363,6759.2621548743045
short,149821.29266328932,okx,ethereum,ETHUSDCM,coin,2023-01-11 00:00:00,111.79608350899443,1339.46,0.0005,74.91064633164466,149746.38201695768,2023-01-12 08:00:00,1401.31,True,78.33048489099448,156582.63929709798,-6836.2572801403
long,299904.8161461294,okx,bitcoin,BTC/USDT,coin,2023-01-13 00:00:00,15.866383060423834,18883.0,0.001,299.9048161461294,299604.91132998327,2023-01-21 00:00:00,21495.4,True,341.0542504370345,340713.1961865975,41108.28485661425
short,299604.91132998327,okx,bitcoin,BTCUSDCM,coin,2023-01-13 00:00:00,15.850139940100155,18892.9,0.0005,149.80245566499164,299455.10887431825,2023-01-21 00:00:00,21499.5,True,170.38504182109165,340599.6986003622,-41144.58972604392
long,149952.4080730647,okx,ethereum,ETH/USDT,coin,2023-01-13 00:00:00,105.06407236887661,1425.82,0.001,149.9524080730647,149802.45566499163,2023-01-17 08:00:00,1563.28,True,164.24456305281743,164080.3184897646,14277.86282477298
short,149802.45566499163,okx,ethereum,ETHUSDCM,coin,2023-01-13 00:00:00,104.9644255269402,1426.46,0.0005,74.90122783249582,149727.55443715912,2023-01-17 08:00:00,1563.89,True,82.07640771866326,164070.73902960785,-14343.184592448728
long,450033.26364721515,okx,ethereum,ETH/USDT,usd,2023-01-15 00:00:00,293.86829711060204,1529.88,0.001,450.03326364721516,449583.2303835679,2023-01-21 08:00:00,1648.89,True,484.55649642270066,484071.93992627796,34488.70954271004
short,449583.2303835679,okx,ethereum,ETHUSDT,usd,2023-01-15 00:00:00,293.7213629620468,1529.88,0.0005,224.79161519178396,449358.43876837613,2023-01-21 08:00:00,1649.15,True,242.19529286442975,484148.39043599507,-34789.95166761894
long,900592.3986333866,okx,bitcoin,BTC/USDT,usd,2023-01-16 08:00:00,42.68635685847725,21076.8,0.001,900.5923986333867,899691.8062347532,2023-01-17 16:00:00,21220.4,True,905.8215670796307,904915.745512551,5223.939277797821
short,899691.8062347532,okx,bitcoin,BTCUSDT,usd,2023-01-16 08:00:00,42.65752521674704,21080.5,0.0005,449.8459031173766,899241.9603316359,2023-01-17 16:00:00,21220.4,True,452.60487405472946,904757.1432354042,-5515.182903768262
long,300414.3119522737,bybit,bitcoin,BTC/USDT,coin,2023-01-17 08:00:00,14.205868945700757,21126.05,0.001,300.4143119522737,300113.89764032146,2023-02-12 08:00:00,21784.56,True,309.4686043997549,309159.13579535513,9045.238155033672
short,300113.89764032146,bybit,bitcoin,BTCUSDCM,coin,2023-01-17 08:00:00,14.198089321055537,21126.0,0.00055,165.0626437021768,299948.83499661926,2023-02-12 08:00:00,21770.5,True,170.00472696022177,308929.4988370794,-8980.663840460125
long,150207.15597613686,bybit,ethereum,ETH/USDT,coin,2023-01-17 08:00:00,95.9658164040295,1563.65,0.001,150.20715597613685,150056.94882016073,2023-03-06 08:00:00,1562.56,True,149.9523460802803,149802.39373420004,-254.5550859606883
short,150056.94882016073,bybit,ethereum,ETHUSDCM,coin,2023-01-17 08:00:00,95.89770285715815,1563.9,0.00055,82.5313218510884,149974.41749830963,2023-03-06 08:00:00,1561.3,True,82.34879590898456,149642.73467497202,331.68282333761454
long,902858.9547659698,binance,bitcoin,BTC/USDT,coin,2023-01-18 16:00:00,42.86307412637067,21042.73,0.001,902.8589547659698,901956.0958112038,2023-02-14 08:00:00,21767.56,True,933.0245378302212,932091.513292391,30135.41748118715
short,901956.0958112038,binance,bitcoin,BTCUSDCM,coin,2023-01-18 16:00:00,42.84720141460543,21040.0,0.0005,450.9780479056019,901505.1177632982,2023-02-14 08:00:00,21780.1,True,466.6081657651239,932749.7233644825,-31244.605601184303
long,450675.8504185561,bybit,ethereum,ETH/USDT,usd,2023-01-18 16:00:00,285.7193827538061,1575.76,0.001,450.6758504185561,450225.1745681375,2023-03-04 16:00:00,1569.13,True,448.3308550604798,447882.5242054193,-2342.65036271821
short,450225.1745681375,bybit,ethereum,ETHUSDT,usd,2023-01-18 16:00:00,285.6365574139874,1575.35,0.00055,247.62384601247564,449977.55072212504,2023-03-04 16:00:00,1568.57,True,246.42251417457203,447794.5123486836,2183.0383734414354
long,150076.11177244972,okx,ethereum,ETH/USDT,coin,2023-01-21 16:00:00,91.0480154862099,1646.67,0.001,150.0761117724497,149926.03566067727,2023-01-27 00:00:00,1603.56,True,146.00095571306673,145854.95475735367,-4071.0809033236
short,149926.03566067727,okx,ethereum,ETHUSDCM,coin,2023-01-21 16:00:00,90.97210611991534,1647.22,0.0005,74.96301783033864,149851.07264284694,2023-01-27 00:00:00,1603.35,True,72.93006317368312,145787.19628419259,4063.87635865435
long,450238.22654761886,okx,ethereum,ETH/USDT,usd,2023-01-22 08:00:00,277.20884794464996,1622.56,0.001,450.23822654761886,449787.98832107126,2023-01-29 00:00:00,1577.32,True,437.24706004005526,436809.8129800152,-12978.175341056078
short,449787.98832107126,okx,ethereum,ETHUSDT,usd,2023-01-22 08:00:00,276.943937859244,1623.3,0.0005,224.89399416053564,449563.09432691074,2023-01-29 00:00:00,1577.38,True,218.42291435020718,436627.4057860641,12935.688540846633
long,1200765.6511431292,okx,bitcoin,BTC/USDT,usd,2023-01-23 00:00:00,52.797750241724735,22720.0,0.001,1200.7656511431292,1199564.885491986,2023-01-29 00:00:00,23038.9,True,1216.4020880440721,1215185.685956028,15620.800464041997
short,1199564.885491986,okx,bitcoin,BTCUSDT,usd,2023-01-23 00:00:00,52.77739103283122,22717.4,0.0005,599.7824427459931,1198965.10304924,2023-01-29 00:00:00,23041.6,True,608.0377666110419,1215467.4954554727,-16502.392406232655
long,902478.2698681162,bybit,bitcoin,BTC/USDT,usd,2023-01-26 00:00:00,39.626360834525094,22751.92,0.001,902.4782698681163,901575.7915982482,2023-03-29 09:00:00,27364.71,True,1084.363872592137,1083279.508719545,181703.7171212969
short,901575.7915982482,bybit,bitcoin,BTCUSDT,usd,2023-01-26 00:00:00,39.60355674817576,22752.5,0.00055,495.86668537903654,901079.9249128691,2023-03-29 09:00:00,27354.0,True,595.8236302092799,1082719.8676593904,-181639.94274652132
long,1201463.3988077252,okx,bitcoin,BTC/USDT,usd,2023-01-30 00:00:00,50.22331675247055,23898.5,0.001,1201.4633988077253,1200261.9354089175,2023-02-12 00:00:00,21658.2,True,1087.7466388883577,1086658.8922494694,-113603.04315944808
short,1200261.9354089175,okx,bitcoin,BTCUSDT,usd,2023-01-30 00:00:00,50.187075044185995,23903.8,0.0005,600.1309677044587,1199661.8044412131,2023-02-12 00:00:00,21663.3,True,543.6088314023572,1086674.053973312,112987.75046790112
long,150213.32834505514,okx,ethereum,ETH/USDT,coin,2023-01-30 16:00:00,94.89017289097914,1581.44,0.001,150.21332834505515,150063.11501671007,2023-02-11 00:00:00,1534.55,True,145.61371480985204,145468.1010950422,-4595.01392166788
short,150063.11501671007,okx,ethereum,ETHUSDCM,coin,2023-01-30 16:00:00,94.83972928011035,1581.49,0.0005,75.03155750835504,149988.0834592017,2023-02-11 00:00:00,1534.6,True,72.77052427662866,145468.2780289807,4519.805430220993
long,450639.98503516545,okx,ethereum,ETH/USDT,usd,2023-01-30 16:00:00,284.6705186729375,1581.44,0.001,450.63998503516547,450189.3450501303,2023-02-05 08:00:00,1660.84,True,472.79218423276143,472319.3920485287,22130.046998398437
short,450189.3450501303,okx,ethereum,ETHUSDT,usd,2023-01-30 16:00:00,284.474218504688,1581.74,0.0005,225.09467252506514,449964.2503776052,2023-02-05 08:00:00,1661.35,True,236.3056214563817,472374.937291307,-22410.686913701822
long,451833.5058227888,okx,ethereum,ETH/USDT,usd,2023-02-09 08:00:00,278.7717686217505,1619.18,0.001,451.8335058227888,451381.672316966,2023-02-15 00:00:00,1560.47,True,435.014981781183,434579.9667994018,-16801.7055175642
short,451381.672316966,okx,ethereum,ETHUSDT,usd,2023-02-09 08:00:00,278.57560711623114,1619.51,0.0005,225.690836158483,451155.98148080753,2023-02-15 00:00:00,1560.22,True,217.31961686744307,434421.9141180187,16734.06736278883
long,910836.430187455,binance,bitcoin,BTC/USDT,coin,2023-02-16 16:00:00,36.291531526449624,25072.67,0.001,910.836430187455,909925.5937572676,2023-03-06 08:00:00,22392.74,True,812.6668296735897,811854.1628439161,-98071.43091335148
short,909925.5937572676,binance,bitcoin,BTCUSDCM,coin,2023-02-16 16:00:00,36.23287920099395,25100.7,0.0005,454.9627968786338,909470.6309603889,2023-03-06 08:00:00,22385.7,True,405.54918196484516,810692.8147477255,98777.81621266343
long,302396.3938910504,bybit,bitcoin,BTC/USDT,coin,2023-02-16 16:00:00,12.296764453754305,24566.95,0.001,302.3963938910504,302093.99749715935,2023-03-06 00:00:00,22402.25,True,275.4751914841174,275199.71629263327,-26894.28120452608
short,302093.99749715935,bybit,bitcoin,BTCUSDCM,coin,2023-02-16 16:00:00,12.270746207089307,24605.5,0.00055,166.15169862343765,301927.8457985359,2023-03-06 00:00:00,22392.5,True,151.12497644323602,274621.5594658041,27306.286332731834
long,301025.04470988805,okx,bitcoin,BTC/USDT,coin,2023-02-16 16:00:00,12.238433819867987,24572.1,0.001,301.02504470988805,300724.01966517814,2023-02-20 16:00:00,24887.0,True,304.5779024750546,304273.3245725795,3549.3049074013834
short,300724.01966517814,okx,bitcoin,BTCUSDCM,coin,2023-02-16 16:00:00,12.226294028495763,24584.2,0.0005,150.36200983258908,300573.65765534557,2023-02-20 16:00:00,24901.9,True,152.22897563409933,304305.7222925646,-3732.0646372190095
long,150512.52235494403,okx,ethereum,ETH/USDT,coin,2023-02-16 16:00:00,89.3305112449362,1683.21,0.001,150.51252235494402,150362.00983258907,2023-02-20 16:00:00,1713.44,True,153.0624711875235,152909.40871633598,2547.398883746908
short,150362.00983258907,okx,ethereum,ETHUSDCM,coin,2023-02-16 16:00:00,89.25403034052107,1683.81,0.0005,75.18100491629454,150286.82882767278,2023-02-20 16:00:00,1713.63,True,76.47419200621356,152871.9098204209,-2585.080992748117
long,903183.5335277529,okx,bitcoin,BTC/USDT,usd,2023-02-17 00:00:00,36.27826473273097,24871.1,0.001,903.1835335277528,902280.3499942251,2023-02-27 08:00:00,23550.7,True,854.3785292411272,853524.1507118861,-48756.19928233896
short,902280.3499942251,okx,bitcoin,BTCUSDT,usd,2023-02-17 00:00:00,36.26537487963116,24867.5,0.0005,451.1401749971125,901829.2098192279,2023-02-27 08:00:00,23549.1,True,427.00846978896107,853589.9311081332,48239.278711094754
long,451591.7667638764,okx,ethereum,ETH/USDT,usd,2023-02-17 00:00:00,263.6750936586337,1710.97,0.001,451.5917667638764,451140.17499711254,2023-02-19 00:00:00,1687.88,True,445.0519170845347,444606.86516745016,-6533.309829662379
short,451140.17499711254,okx,ethereum,ETHUSDT,usd,2023-02-17 00:00:00,263.56636286085853,1710.82,0.0005,225.57008749855626,450914.60490961396,2023-02-19 00:00:00,1687.93,True,222.44078543186447,444659.13007829705,6255.474831316911
long,451940.7267125256,okx,ethereum,ETH/USDT,usd,2023-02-20 08:00:00,268.05881765361846,1684.29,0.001,451.9407267125256,451488.78598581307,2023-02-24 00:00:00,1652.9,True,443.074419699666,442631.3452799663,-8857.440705846762
short,451488.78598581307,okx,ethereum,ETHUSDT,usd,2023-02-20 08:00:00,267.9693360448098,1684.01,0.0005,225.74439299290654,451263.04159282014,2023-02-24 00:00:00,1653.05,True,221.4833554744364,442745.22759339836,8517.813999421778
long,301255.2991756625,okx,bitcoin,BTC/USDT,coin,2023-02-21 16:00:00,12.24988883366046,24567.9,0.001,301.2552991756625,300954.04387648683,2023-02-24 08:00:00,23954.5,True,293.4399620659195,293146.5221038536,-7807.5217726332485
short,300954.04387648683,okx,bitcoin,BTCUSDCM,coin,2023-02-21 16:00:00,12.247203568850967,24561.0,0.0005,150.4770219382434,300803.5668545486,2023-02-24 08:00:00,23959.1,True,146.71598751322858,293285.2590389439,7518.307815604669
long,150569.87163879944,okx,ethereum,ETH/USDT,coin,2023-02-21 16:00:00,90.0811475291712,1669.82,0.001,150.56987163879944,150419.30176716065,2023-02-24 16:00:00,1647.22,True,148.3834678330014,148235.0843651684,-2184.2174019922386
short,150419.30176716065,okx,ethereum,ETHUSDCM,coin,2023-02-21 16:00:00,90.05120698891736,1669.54,0.0005,75.20965088358032,150344.09211627708,2023-02-24 16:00:00,1647.49,True,74.17923150108572,148284.28377067036,2059.808345606725
long,602561.4202712256,okx,ethereum,ETH/USDT,usd,2023-02-25 08:00:00,376.5584824350076,1598.58,0.001,602.5614202712256,601958.8588509544,2023-03-04 00:00:00,1565.81,True,589.6190373815592,589029.4183441777,-12929.440506776795
short,601958.8588509544,okx,ethereum,ETHUSDT,usd,2023-02-25 08:00:00,376.36549444609597,1598.6,0.0005,300.97942942547724,601657.879421529,2023-03-04 00:00:00,1565.61,True,294.62079087987615,588946.9609688724,12710.918452656595
long,301345.0815612061,okx,bitcoin,BTC/USDT,coin,2023-03-03 00:00:00,12.82969820408807,23464.6,0.001,301.3450815612061,301043.7364796449,2023-03-07 16:00:00,22348.7,True,286.72707625370305,286440.34917744936,-14603.387302195537
short,301043.7364796449,okx,bitcoin,BTCUSDCM,coin,2023-03-03 00:00:00,12.819459031825915,23471.6,0.0005,150.52186823982245,300893.2146114051,2023-03-07 16:00:00,22348.3,True,143.24655814047756,286349.8697228146,14543.344888590509
long,3658686.199873042,binance,bitcoin,BTC/USDT,usd,2023-03-08 16:00:00,165.0872839336805,22139.97,0.001,3658.686199873042,3655027.5136731686,2023-03-11 16:00:00,20062.77,True,3312.1082074861274,3308796.0992786414,-346231.4143945272
short,3655027.5136731686,binance,bitcoin,BTCUSDT,usd,2023-03-08 16:00:00,165.08206203077924,22129.6,0.0005,1827.5137568365844,3653199.999916332,2023-03-11 16:00:00,20052.3,True,1655.1375162298973,3308619.8949435647,344580.1049727672
long,602617.7161291146,okx,ethereum,ETH/USDT,usd,2023-03-09 00:00:00,387.72394902587473,1552.69,0.001,602.6177161291147,602015.0984129854,2023-03-11 08:00:00,1457.95,True,565.282131482274,564716.8493507918,-37298.249062193674
short,602015.0984129854,okx,ethereum,ETHUSDT,usd,2023-03-09 00:00:00,387.4477410875449,1553.02,0.0005,301.00754920649274,601714.090863779,2023-03-11 08:00:00,1458.87,True,282.6179430201933,564953.2680973664,36760.822766412515
long,607735.3079920853,bybit,ethereum,ETH/USDT,usd,2023-03-09 08:00:00,393.75799198646666,1541.88,0.001,607.7353079920854,607127.5726840933,2023-03-27 17:00:00,1765.38,True,695.1324838930685,694437.3514091754,87309.77872508217
short,607127.5726840933,bybit,ethereum,ETHUSDT,usd,2023-03-09 08:00:00,393.7891586913687,1540.91,0.00055,333.92016497625133,606793.652519117,2023-03-27 17:00:00,1764.62,True,382.1885238654797,694506.0366860975,-87712.38416698051
long,3658302.5573534453,binance,bitcoin,BTC/USDT,usd,2023-03-14 00:00:00,151.56782230773345,24112.27,0.001,3658.3025573534455,3654644.254796092,2023-03-28 01:00:00,27124.9,True,4111.262023315039,4107150.7612917246,452506.5064956327
short,3654644.254796092,binance,bitcoin,BTCUSDT,usd,2023-03-14 00:00:00,151.44662752829427,24119.5,0.0005,1827.322127398046,3652816.932668694,2023-03-28 01:00:00,27112.0,True,2053.010482773557,4103967.9550643405,-451151.02239564667
long,1205085.0413484967,okx,bitcoin,BTC/USDT,usd,2023-03-14 16:00:00,48.638666598272756,24751.5,0.001,1205.0850413484968,1203879.956307148,2023-03-17 08:00:00,25780.0,True,1253.9048249034718,1252650.9200785682,48770.963771420065
short,1203879.956307148,okx,bitcoin,BTCUSDT,usd,2023-03-14 16:00:00,48.62495570328232,24746.1,0.0005,601.9399781535741,1203278.0163289944,2023-03-17 08:00:00,25776.0,True,626.6784291039025,1252730.1797787012,-49452.16344970674
long,602542.5206742482,okx,ethereum,ETH/USDT,usd,2023-03-14 16:00:00,357.52084943638755,1683.65,0.001,602.5425206742483,601939.9781535739,2023-03-17 00:00:00,1679.67,True,600.5170451728171,599916.5281276442,-2023.4500259297201
short,601939.9781535739,okx,ethereum,ETHUSDT,usd,2023-03-14 16:00:00,357.3060114290703,1683.82,0.0005,300.969989076787,601639.0081644971,2023-03-17 00:00:00,1679.54,True,300.0548692177904,599809.683566363,1829.324598134146
long,1829724.5600900815,binance,ethereum,ETH/USDT,usd,2023-03-15 00:00:00,1075.6055545924712,1699.41,0.001,1829.7245600900815,1827894.8355299914,2023-03-27 17:00:00,1711.73,True,1841.1462959625708,1839305.149666608,11410.314136616653
short,1827894.8355299914,binance,ethereum,ETHUSDT,usd,2023-03-15 00:00:00,1074.7388940204753,1699.93,0.0005,913.9474177649957,1826980.8881122265,2023-03-27 17:00:00,1710.39,True,919.1113284718405,1837303.545615209,-10322.657502982533
long,304434.2743928474,bybit,bitcoin,BTC/USDT,coin,2023-03-18 08:00:00,11.139891370836073,27300.97,0.001,304.4342743928474,304129.84011845454,2023-03-25 00:00:00,27822.58,True,309.9405188563963,309630.5783375399,5500.738219085382
short,304129.84011845454,bybit,bitcoin,BTCUSDCM,coin,2023-03-18 08:00:00,11.100816912803644,27382.0,0.00055,167.27141206515,303962.5687063894,2023-03-25 00:00:00,27833.5,True,169.93602314838614,308804.6515193719,-4842.082812982495
long,301469.4250441229,okx,bitcoin,BTC/USDT,coin,2023-03-18 08:00:00,11.030177102954834,27304.0,0.001,301.46942504412294,301167.95561907877,2023-03-22 00:00:00,28120.6,True,310.1751982413517,309865.0230431103,8697.067424031557
short,301167.95561907877,okx,bitcoin,BTCUSDCM,coin,2023-03-18 08:00:00,11.002137129202564,27359.9,0.0005,150.5839778095394,301017.37164126924,2023-03-22 00:00:00,28177.3,True,155.0052592653397,309855.51327141403,-8838.14163014479
long,150751.8204226408,okx,ethereum,ETH/USDT,coin,2023-03-20 00:00:00,82.69104659009919,1821.25,0.001,150.7518204226408,150601.06860221815,2023-03-22 00:00:00,1790.98,True,148.09801062193586,147949.91261131392,-2651.155990904226
short,150601.06860221815,okx,ethereum,ETHUSDCM,coin,2023-03-20 00:00:00,82.40130947366184,1826.74,0.0005,75.30053430110908,150525.76806791703,2023-03-22 00:00:00,1795.3,True,73.96753544903255,147861.10336261606,2664.6647053009656
long,150749.27918014198,okx,ethereum,ETH/USDT,coin,2023-03-24 16:00:00,86.2514775726569,1746.04,0.001,150.749279180142,150598.52990096185,2023-03-28 01:00:00,1704.58,True,147.02254364079948,146875.52109715866,-3723.0088038031827
short,150598.52990096185,okx,ethereum,ETHUSDCM,coin,2023-03-24 16:00:00,86.09986651490148,1748.24,0.0005,75.29926495048092,150523.23063601137,2023-03-28 01:00:00,1705.2,True,73.408746190605,146744.0836350194,3779.147000991972
long,452247.83754042594,okx,ethereum,ETH/USDT,usd,2023-03-24 16:00:00,258.7544327179707,1746.04,0.001,452.24783754042596,451795.58970288554,2023-03-27 01:00:00,1765.59,True,456.8542388625219,456397.38462365937,4601.7949207738275
short,451795.58970288554,okx,ethereum,ETHUSDT,usd,2023-03-24 16:00:00,258.68876318767315,1745.61,0.0005,225.89779485144277,451569.6919080341,2023-03-27 01:00:00,1766.28,True,228.45839432156166,456688.33024880174,-5118.638340767648
long,152501.42095547702,bybit,ethereum,ETH/USDT,coin,2023-03-27 17:00:00,86.29808853307591,1765.38,0.001,152.50142095547702,152348.91953452156,2023-04-03 17:00:00,1807.65,True,155.9967397368147,155840.74299707788,3491.82346255632
short,152348.91953452156,bybit,ethereum,ETHUSDCM,coin,2023-03-27 17:00:00,86.22766805152055,1765.85,0.00055,83.79190574398686,152265.12762877755,2023-04-03 17:00:00,1806.55,True,85.67602654516095,155688.91769192927,-3423.7900631517114
long,150713.434262287,okx,ethereum,ETH/USDT,coin,2023-03-29 09:00:00,84.67618290761189,1778.1,0.001,150.713434262287,150562.7208280247,2023-04-01 17:00:00,1823.98,True,154.44766409982591,154293.2164357261,3730.495607701392
short,150562.7208280247,okx,ethereum,ETHUSDCM,coin,2023-03-29 09:00:00,84.6014906101995,1778.78,0.0005,75.28136041401235,150487.43946761067,2023-04-01 17:00:00,1824.73,True,77.18743898057468,154297.69052216876,-3810.251054558088
long,301432.0962675935,okx,bitcoin,BTC/USDT,coin,2023-03-29 17:00:00,10.619458119701864,28356.5,0.001,301.4320962675935,301130.6641713259,2023-03-31 09:00:00,28170.1,True,299.15119717781346,298852.0459806356,-2278.618190690293
short,301130.6641713259,okx,bitcoin,BTCUSDCM,coin,2023-03-29 17:00:00,10.609134993046865,28369.9,0.0005,150.56533208566296,300980.09883924027,2023-03-31 09:00:00,28168.2,True,149.42011815557137,298690.81619298714,2289.282646253123
long,301448.761147632,okx,bitcoin,BTC/USDT,coin,2023-04-01 17:00:00,10.613195948041373,28374.8,0.001,301.44876114763196,301147.31238648435,2023-04-03 09:00:00,27750.4,True,294.5204328365273,294225.91240369075,-6921.399982793606
short,301147.31238648435,okx,bitcoin,BTCUSDCM,coin,2023-04-01 17:00:00,10.603591828814997,28386.3,0.0005,150.5736561932422,300996.73873029114,2023-04-03 09:00:00,27742.4,True,147.0845429758586,294022.0014087413,6974.737321549852
long,458728.71671607904,binance,ethereum,ETH/USDT,coin,2023-04-02 01:00:00,251.6860654653795,1820.8,0.001,458.7287167160791,458269.987999363,2023-04-07 01:00:00,1872.41,True,471.25950583803126,470788.2463321932,12518.258332830213
short,458269.987999363,binance,ethereum,ETHUSDCM,coin,2023-04-02 01:00:00,251.57265737287284,1820.71,0.0005,229.1349939996815,458040.8530053633,2023-04-07 01:00:00,1872.34,True,235.51477465276238,470794.03453087196,-12753.18152550864
long,1376186.1501482371,binance,ethereum,ETH/USDT,usd,2023-04-02 01:00:00,755.0581963961384,1820.8,0.001,1376.1861501482372,1374809.9639980888,2023-04-03 09:00:00,1794.86,True,1355.2237543835731,1353868.5306291895,-20941.433368899394
short,1374809.9639980888,binance,ethereum,ETHUSDT,usd,2023-04-02 01:00:00,755.0829247875296,1819.83,0.0005,687.4049819990445,1374122.55901609,2023-04-03 09:00:00,1794.0,True,677.309383534414,1353941.4576852936,20181.101330796257
long,305071.2320702836,bybit,bitcoin,BTC/USDT,coin,2023-04-03 01:00:00,10.906993627869651,27942.27,0.001,305.0712320702836,304766.16083821334,2023-04-29 09:00:00,29350.16,True,320.12200809695474,319801.8860888578,15035.725250644435
short,304766.16083821334,bybit,bitcoin,BTCUSDCM,coin,2023-04-03 01:00:00,10.894666718520389,27958.5,0.00055,167.62138846101735,304598.5394497523,2023-04-29 09:00:00,29347.5,True,175.85217733697743,319555.3793444401,-14956.839894687815
long,150727.84044651763,okx,ethereum,ETH/USDT,coin,2023-04-06 01:00:00,78.88450653335872,1908.83,0.001,150.72784044651763,150577.1126060711,2023-04-07 17:00:00,1849.44,True,145.89216176305496,145746.2696012919,-4830.843004779221
short,150577.1126060711,okx,ethereum,ETHUSDCM,coin,2023-04-06 01:00:00,78.81409736683882,1909.58,0.0005,75.28855630303556,150501.82404976807,2023-04-07 17:00:00,1849.99,True,72.90264599383907,145732.38934168432,4769.434708083747
long,1834768.5000653192,binance,ethereum,ETH/USDT,usd,2023-04-08 09:00:00,978.9743799419184,1872.3,0.001,1834.7685000653194,1832933.7315652538,2023-05-15 09:00:00,1828.73,True,1790.2798178311846,1788489.5380133532,-44444.193551900564
short,1832933.7315652538,binance,ethereum,ETHUSDT,usd,2023-04-08 09:00:00,979.0234785463729,1871.27,0.0005,916.4668657826269,1832017.2646994712,2023-05-15 09:00:00,1827.98,True,894.8176691565993,1788740.520644042,43276.74405542924
long,301446.0933587858,okx,bitcoin,BTC/USDT,coin,2023-04-11 17:00:00,10.019518604243673,30055.8,0.001,301.4460933587858,301144.647265427,2023-04-15 09:00:00,30380.4,True,304.39698300436453,304092.5860213602,2947.9387559331954
short,301144.647265427,okx,bitcoin,BTCUSDCM,coin,2023-04-11 17:00:00,10.008248653075828,30074.6,0.0005,150.5723236327135,300994.0749417943,2023-04-15 09:00:00,30398.5,True,152.11787334026278,304083.6288071853,-3089.5538653910044
long,610346.191332209,bybit,ethereum,ETH/USDT,usd,2023-04-12 01:00:00,321.8809396348378,1894.29,0.001,610.3461913322091,609735.8451408768,2023-05-16 01:00:00,1828.6,True,588.5914862162643,588002.894730048,-21732.95041082881
short,609735.8451408768,bybit,ethereum,ETHUSDT,usd,2023-04-12 01:00:00,321.8602230023975,1893.37,0.00055,335.35471482748227,609400.4904260493,2023-05-16 01:00:00,1827.89,True,323.57879566311885,588001.5042281894,21398.98619785998
long,150730.37186756922,okx,ethereum,ETH/USDT,coin,2023-04-14 09:00:00,71.39182699397955,2109.2,0.001,150.73037186756923,150579.64149570165,2023-04-18 01:00:00,2078.24,True,148.36935053196805,148220.98118143607,-2358.6603142655804
short,150579.64149570165,okx,ethereum,ETHUSDCM,coin,2023-04-14 09:00:00,71.26490443437369,2111.9,0.0005,75.28982074785083,150504.3516749538,2023-04-18 01:00:00,2079.05,True,74.0816497821423,148089.2179145025,2415.13376045131
long,916234.0185814656,bybit,bitcoin,BTC/USDT,usd,2023-04-15 17:00:00,30.122653208968895,30386.36,0.001,916.2340185814656,915317.7845628841,2023-05-11 01:00:00,27689.31,True,834.0754827256346,833241.407242909,-82076.37731997517
short,915317.7845628841,bybit,bitcoin,BTCUSDT,usd,2023-04-15 17:00:00,30.115362273475807,30377.0,0.00055,503.4247815095863,914814.3597813746,2023-05-11 01:00:00,27677.5,True,458.43486662826973,833059.5044574984,81754.85532387614
long,301467.06177748134,okx,bitcoin,BTC/USDT,coin,2023-04-16 17:00:00,9.964484884998424,30223.9,0.001,301.4670617774814,301165.59471570386,2023-04-18 01:00:00,29463.8,True,293.59158975461656,293297.9981648619,-7867.596550841932
short,301165.59471570386,okx,bitcoin,BTCUSDCM,coin,2023-04-16 17:00:00,9.9523900057313,30245.5,0.0005,150.58279735785194,301015.011918346,2023-04-18 01:00:00,29474.6,True,146.67135723146387,293196.04310569627,7818.96881264972
long,904401.185332444,okx,bitcoin,BTC/USDT,usd,2023-04-16 17:00:00,29.89345465499527,30223.9,0.001,904.401185332444,903496.7841471116,2023-04-18 17:00:00,30380.0,True,908.1631524187563,907254.9892663375,3758.205119225895
short,903496.7841471116,okx,bitcoin,BTCUSDT,usd,2023-04-16 17:00:00,29.867044889452398,30235.5,0.0005,451.7483920735558,903045.035755038,2023-04-18 17:00:00,30382.1,True,453.7117722679158,906969.8327635637,-3924.7970085256966
long,452203.75168739347,okx,ethereum,ETH/USDT,usd,2023-04-16 17:00:00,216.4659970750027,2086.94,0.001,452.2037516873935,451751.5479357061,2023-04-23 17:00:00,1875.05,True,405.88456781548376,405478.6832476683,-46272.86468803778
short,451751.5479357061,okx,ethereum,ETHUSDT,usd,2023-04-16 17:00:00,216.33288559766686,2087.18,0.0005,225.87577396785306,451525.6721617383,2023-04-23 17:00:00,1875.12,True,202.82506022094853,405447.2953816761,46078.37678006216
long,150772.31329300583,okx,ethereum,ETH/USDT,coin,2023-04-19 01:00:00,72.37557888805148,2081.11,0.001,150.77231329300585,150621.54097971282,2023-04-20 17:00:00,1940.08,True,140.41441308913093,140273.99867604178,-10347.542303671042
short,150621.54097971282,okx,ethereum,ETHUSDCM,coin,2023-04-19 01:00:00,72.34217200579663,2081.03,0.0005,75.31077048985641,150546.23020922297,2023-04-20 17:00:00,1940.48,True,70.18926896690411,140308.34866484132,10237.881544381642
long,918086.204395397,binance,bitcoin,BTC/USDT,coin,2023-04-20 01:00:00,31.849322264776717,28797.1,0.001,918.086204395397,917168.1181910016,2023-04-28 17:00:00,29146.88,True,928.3083741327753,927380.0657586425,10211.94756764092
short,917168.1181910016,binance,bitcoin,BTCUSDCM,coin,2023-04-20 01:00:00,31.81925428869611,28809.9,0.0005,458.5840590955008,916709.5341319061,2023-04-28 17:00:00,29150.5,True,463.77358607131805,927083.3985565647,-10373.86442465859
long,1206323.3556031056,okx,bitcoin,BTC/USDT,usd,2023-04-21 17:00:00,42.938681402675925,28066.0,0.001,1206.3233556031057,1205117.0322475026,2023-04-23 17:00:00,27645.9,True,1187.0784921902384,1185891.413698048,-19225.61854945449
short,1205117.0322475026,okx,bitcoin,BTCUSDT,usd,2023-04-21 17:00:00,42.90681633935264,28072.8,0.0005,602.5585161237514,1204514.4737313788,2023-04-23 17:00:00,27649.9,True,593.1845905507333,1185775.9965109157,18738.4772204631
long,150790.4194503882,okx,ethereum,ETH/USDT,coin,2023-04-21 17:00:00,78.91601742974227,1908.86,0.001,150.7904194503882,150639.62903093782,2023-04-23 17:00:00,1875.05,True,147.97147848163826,147823.5070031566,-2816.12202778121
short,150639.62903093782,okx,ethereum,ETHUSDCM,coin,2023-04-21 17:00:00,78.85838224292796,1909.3,0.0005,75.31981451546892,150564.30921642235,2023-04-23 17:00:00,1875.58,True,73.95260228359541,147831.25196490722,2733.057251515129
long,2755198.8310181457,binance,bitcoin,BTC/USDT,usd,2023-04-24 09:00:00,100.26393841854495,27451.98,0.001,2755.198831018146,2752443.6321871276,2023-05-15 17:00:00,27396.81,True,2746.9120707045768,2744165.158633872,-8278.473553255666
short,2752443.6321871276,binance,bitcoin,BTCUSDT,usd,2023-04-24 09:00:00,100.25427046383442,27440.9,0.0005,1376.2218160935638,2751067.410371034,2023-05-15 17:00:00,27383.0,True,1372.631344055589,2743890.056767122,7177.353603912052
long,603092.2922396602,okx,ethereum,ETH/USDT,usd,2023-04-25 17:00:00,330.0081065397115,1825.68,0.001,603.0922922396602,602489.1999474205,2023-04-27 01:00:00,1828.62,True,603.4594237806473,602855.9643568665,366.7644094460411
short,602489.1999474205,okx,ethereum,ETHUSDT,usd,2023-04-25 17:00:00,329.8322627249482,1825.74,0.0005,301.24459997371025,602187.9553474468,2023-04-27 01:00:00,1828.58,True,301.56233948679284,602823.1166340989,-635.1612866520882
long,150756.2519057831,okx,ethereum,ETH/USDT,coin,2023-05-03 09:00:00,80.86244525010997,1862.49,0.001,150.7562519057831,150605.49565387733,2023-05-07 01:00:00,1898.01,True,153.47772970916122,153324.25197945206,2718.7563255747373
short,150605.49565387733,okx,ethereum,ETHUSDCM,coin,2023-05-03 09:00:00,80.7769088268235,1863.53,0.0005,75.30274782693867,150530.1929060504,2023-05-07 01:00:00,1901.06,True,76.78087514716054,153484.9694191739,-2954.7765131235064
long,452260.39764155657,okx,ethereum,ETH/USDT,usd,2023-05-04 09:00:00,237.35527380676487,1903.51,0.001,452.2603976415566,451808.137243915,2023-05-06 09:00:00,1970.35,True,467.67296374515917,467205.290781414,15397.15353749902
short,451808.137243915,okx,ethereum,ETHUSDT,usd,2023-05-04 09:00:00,237.21416468820712,1903.69,0.0005,225.9040686219575,451582.233175293,2023-05-06 09:00:00,1971.02,True,233.776931441875,467320.08595230815,-15737.852777015127
long,301522.9154092444,okx,bitcoin,BTC/USDT,coin,2023-05-05 09:00:00,10.316260398368255,29198.7,0.001,301.52291540924443,301221.3924938352,2023-05-07 09:00:00,28804.0,True,297.1495645145992,296852.41495008464,-4368.977543750545
short,301221.3924938352,okx,bitcoin,BTCUSDCM,coin,2023-05-05 09:00:00,10.304820282976683,29216.5,0.0005,150.6106962469176,301070.7817975883,2023-05-07 09:00:00,28864.1,True,148.71968156493364,297290.6434483023,3780.1383492859895
long,904272.874664132,okx,bitcoin,BTC/USDT,usd,2023-05-07 01:00:00,31.32498116376897,28838.6,0.001,904.272874664132,903368.6017894679,2023-05-08 09:00:00,28195.1,True,883.2109764105825,882327.7654341719,-21040.836355295964
short,903368.6017894679,okx,bitcoin,BTCUSDT,usd,2023-05-07 01:00:00,31.30769024686368,28840.1,0.0005,451.68430089473395,902916.9174885731,2023-05-08 09:00:00,28202.2,True,441.4728709400494,882504.2690091588,20412.64847941429
long,602897.8950366882,okx,ethereum,ETH/USDT,usd,2023-05-07 01:00:00,317.3297280528825,1898.01,0.001,602.8978950366882,602294.9971416515,2023-05-21 09:00:00,1818.1,True,576.9371785729456,576360.2413943727,-25934.755747278803
short,602294.9971416515,okx,ethereum,ETHUSDT,usd,2023-05-07 01:00:00,317.171063188856,1898.01,0.0005,301.14749857082575,601993.8496430806,2023-05-21 09:00:00,1818.19,True,288.33862768967305,576388.9167516564,25604.932891424163
long,1227113.9483858387,bybit,bitcoin,BTC/USDT,usd,2023-05-15 17:00:00,44.84325668321141,27337.15,0.001,1227.1139483858387,1225886.8344374527,2023-05-28 17:00:00,27155.91,True,1217.7594425961877,1216541.6831535914,-9345.15128386137
short,1225886.8344374527,bybit,bitcoin,BTCUSDT,usd,2023-05-15 17:00:00,44.838193194505884,27325.2,0.00055,674.2377589405991,1225212.5966785122,2023-05-28 17:00:00,27140.8,True,669.319438619395,1216275.114414826,8937.482263686135
long,460043.46871683624,binance,ethereum,ETH/USDT,coin,2023-05-17 17:00:00,255.71622334697614,1797.24,0.001,460.04346871683623,459583.4252481194,2023-05-27 17:00:00,1823.6,True,466.32410489554564,465857.7807906501,6274.355542530713
short,459583.4252481194,binance,ethereum,ETHUSDCM,coin,2023-05-17 17:00:00,255.6666055554911,1796.69,0.0005,229.7917126240597,459353.6335354953,2023-05-27 17:00:00,1822.94,True,233.03244096566348,465831.8494903613,-6478.215954865969
long,301400.2868845679,okx,bitcoin,BTC/USDT,coin,2023-05-18 17:00:00,10.989170885621808,27399.6,0.001,301.4002868845679,301098.8865976833,2023-05-25 01:00:00,26255.1,True,288.52178051908913,288233.25873857003,-12865.627859113272
short,301098.8865976833,okx,bitcoin,BTCUSDCM,coin,2023-05-18 17:00:00,10.978827914882494,27411.7,0.0005,150.54944329884165,300948.33715438447,2023-05-25 01:00:00,26251.2,True,144.10370367958168,288063.30365548376,12885.03349890071
long,920114.7627297215,binance,bitcoin,BTC/USDT,coin,2023-05-19 01:00:00,34.27109548712782,26821.28,0.001,920.1147627297215,919194.6479669918,2023-07-06 17:00:00,30407.0,True,1042.0812004770958,1041039.1192766186,121844.47130962682
short,919194.6479669918,binance,bitcoin,BTCUSDCM,coin,2023-05-19 01:00:00,34.2589158771174,26817.4,0.0005,459.59732398349587,918735.0506430083,2023-07-06 17:00:00,30400.2,True,520.7389472237722,1040957.1555003207,-122222.1048573124
long,2760598.6294574514,binance,bitcoin,BTC/USDT,usd,2023-05-20 09:00:00,102.69372871728052,26854.98,0.001,2760.5986294574514,2757838.030827994,2023-06-06 09:00:00,25722.34,True,2641.5230059336536,2638881.48292772,-118956.54790027393
short,2757838.030827994,binance,bitcoin,BTCUSDT,usd,2023-05-20 09:00:00,102.69239926430618,26841.9,0.0005,1378.919015413997,2756459.11181258,2023-06-06 09:00:00,25706.3,True,1319.920811604017,2638521.7023964296,117937.4094161503
long,613838.4825982852,bybit,ethereum,ETH/USDT,usd,2023-05-20 17:00:00,338.1871668949946,1813.27,0.001,613.8384825982852,613224.6441156869,2023-05-27 09:00:00,1833.92,True,620.2082091120685,619588.0009029565,6363.356787269586
short,613224.6441156869,bybit,ethereum,ETHUSDT,usd,2023-05-20 17:00:00,338.2380632237435,1812.0,0.00055,337.27355426362783,612887.3705614232,2023-05-27 09:00:00,1832.86,True,340.96865910814876,619602.0479011623,-6714.67733973905
long,150684.15309749878,okx,ethereum,ETH/USDT,coin,2023-05-22 17:00:00,82.97146468262963,1814.28,0.001,150.68415309749878,150533.46894440128,2023-05-25 01:00:00,1792.7,True,148.74294473655016,148594.2017918136,-1939.2671525876794
short,150533.46894440128,okx,ethereum,ETHUSDCM,coin,2023-05-22 17:00:00,82.92129503928368,1814.47,0.0005,75.26673447220064,150458.20220992906,2023-05-25 01:00:00,1792.51,True,74.3186252854332,148562.93194558096,1895.2702643481025
long,904274.2101651474,okx,bitcoin,BTC/USDT,usd,2023-05-24 17:00:00,33.77841519424852,26744.0,0.001,904.2742101651475,903369.9359549823,2023-06-06 17:00:00,25685.3,True,867.6087277888315,866741.1190610427,-36628.81689393963
short,903369.9359549823,okx,bitcoin,BTCUSDT,usd,2023-05-24 17:00:00,33.75874894328932,26746.2,0.0005,451.68496797749117,902918.2509870048,2023-06-06 17:00:00,25688.5,True,433.60581111484385,866778.0164185727,36140.23456843209
long,602829.3080457277,okx,ethereum,ETH/USDT,usd,2023-05-25 09:00:00,338.1281252387241,1781.06,0.001,602.8293080457277,602226.478737682,2023-05-26 17:00:00,1812.13,True,612.7321195888492,612119.3874692603,9892.908731578267
short,602226.478737682,okx,ethereum,ETHUSDT,usd,2023-05-25 09:00:00,337.9533687226997,1781.09,0.0005,301.113239368841,601925.3654983131,2023-05-26 17:00:00,1812.18,True,306.216167865951,612126.119564036,-10200.754065722926
long,1381810.3722017426,binance,ethereum,ETH/USDT,usd,2023-05-26 01:00:00,764.5219963500097,1805.61,0.001,1381.8103722017427,1380428.5618295409,2023-05-28 01:00:00,1829.89,True,1398.9911559009195,1397592.1647450184,17163.602915477473
short,1380428.5618295409,binance,ethereum,ETHUSDT,usd,2023-05-26 01:00:00,764.5462264420393,1804.65,0.0005,690.2142809147705,1379738.3475486261,2023-05-28 01:00:00,1828.85,True,699.1201831142617,1397541.2460454092,-17802.898496783106
long,301319.8855624292,okx,bitcoin,BTC/USDT,coin,2023-05-29 17:00:00,10.783321118131584,27915.2,0.001,301.3198855624292,301018.5656768668,2023-06-01 01:00:00,27009.7,True,291.25426840439866,290963.01413599425,-10055.551540872548
short,301018.5656768668,okx,bitcoin,BTCUSDCM,coin,2023-05-29 17:00:00,10.775844945811636,27920.6,0.0005,150.5092828384334,300868.05639402836,2023-06-01 01:00:00,27009.9,True,145.5272472009389,290908.9671546768,9959.089239351568
long,150704.6588001583,okx,ethereum,ETH/USDT,coin,2023-05-30 01:00:00,79.59753105642164,1891.44,0.001,150.7046588001583,150553.95414135815,2023-06-01 01:00:00,1863.7,True,148.34591862985303,148197.57271122318,-2356.381430134963
short,150553.95414135815,okx,ethereum,ETHUSDCM,coin,2023-05-30 01:00:00,79.52829978980809,1892.14,0.0005,75.27697707067908,150478.67716428748,2023-06-01 01:00:00,1864.17,True,74.12713530958328,148180.14348385695,2298.533680430526
long,452183.3849447763,okx,ethereum,ETH/USDT,usd,2023-05-30 17:00:00,235.85648132901272,1915.28,0.001,452.1833849447763,451731.2015598315,2023-06-05 09:00:00,1870.0,True,441.0516200852538,440610.56846516853,-11120.633094662975
short,451731.2015598315,okx,ethereum,ETHUSDT,usd,2023-05-30 17:00:00,235.73362986814297,1915.32,0.0005,225.86560077991575,451505.33595905156,2023-06-05 09:00:00,1870.3,True,220.4463039711939,440672.16163841664,10833.17432063492
long,153578.36023867998,bybit,ethereum,ETH/USDT,coin,2023-06-01 17:00:00,82.42617327031918,1861.36,0.001,153.57836023867998,153424.7818784413,2023-07-15 09:00:00,1930.38,True,159.11383635755877,158954.7225212012,5529.940642759902
short,153424.7818784413,bybit,ethereum,ETHUSDCM,coin,2023-06-01 17:00:00,82.39234766987704,1861.1,0.00055,84.38363003314272,153340.39824840816,2023-07-15 09:00:00,1930.05,True,87.4617428411354,158933.88887740503,-5593.490628996864
long,1843592.5293509199,binance,ethereum,ETH/USDT,usd,2023-06-02 01:00:00,989.2409075301964,1861.78,0.001,1843.59252935092,1841748.936821569,2023-06-15 09:00:00,1639.96,True,1622.315518713221,1620693.2031945076,-221055.73362706136
short,1841748.936821569,binance,ethereum,ETHUSDT,usd,2023-06-02 01:00:00,989.3786714715001,1860.59,0.0005,920.8744684107845,1840828.0623531581,2023-06-15 09:00:00,1639.31,True,810.9491749649724,1621087.4007549796,219740.66159817856
long,460739.6990955001,bybit,ethereum,ETH/USDT,usd,2023-06-02 01:00:00,246.23460462983124,1869.27,0.001,460.7396990955001,460278.9593964046,2023-06-21 17:00:00,1829.84,True,450.5699289358504,450119.35900691454,-10159.600389490079
short,460278.9593964046,bybit,ethereum,ETHUSDT,usd,2023-06-02 01:00:00,246.23485524811406,1868.24,0.00055,253.15342766802254,460025.8059687366,2023-06-21 17:00:00,1828.65,True,247.6525524272051,450029.7154970366,9996.090471700008
long,307168.28836821666,bybit,bitcoin,BTC/USDT,coin,2023-06-02 09:00:00,11.364616347634977,27001.45,0.001,307.1682883682167,306861.12007984845,2023-07-07 17:00:00,30119.38,True,342.29519832862997,341952.90313030133,35091.78305045288
short,306861.12007984845,bybit,bitcoin,BTCUSDCM,coin,2023-06-02 09:00:00,11.35960688422707,26998.5,0.00055,168.77361604391666,306692.34646380454,2023-07-07 17:00:00,30104.0,True,188.08328310352445,341781.52235966816,-35089.17589586362
long,921504.8651046501,bybit,bitcoin,BTC/USDT,usd,2023-06-02 09:00:00,34.093849042904935,27001.45,0.001,921.5048651046502,920583.3602395455,2023-07-25 17:00:00,29125.34,True,992.9949452832808,992001.9503379975,71418.59009845206
short,920583.3602395455,bybit,bitcoin,BTCUSDT,usd,2023-06-02 09:00:00,34.086269547632085,26992.6,0.00055,506.32084813175004,920077.0393914137,2023-07-25 17:00:00,29111.0,True,545.7569660406148,991739.635835077,-71662.59644366335
long,603049.6499530465,okx,ethereum,ETH/USDT,usd,2023-06-06 01:00:00,333.54922310917215,1806.17,0.001,603.0496499530465,602446.6003030934,2023-06-17 01:00:00,1722.16,True,574.4251300696919,573850.7049396222,-28595.895363471238
short,602446.6003030934,okx,ethereum,ETHUSDT,usd,2023-06-06 01:00:00,333.2920289390045,1806.66,0.0005,301.2233001515467,602145.3770029419,2023-06-17 01:00:00,1722.42,True,287.0344282425601,573781.8220568777,28363.55494606425
long,2770530.451953152,binance,bitcoin,BTC/USDT,usd,2023-06-11 01:00:00,107.1063951895924,25841.22,0.001,2770.5304519531524,2767759.9215011992,2023-06-20 17:00:00,27071.94,True,2899.577904188934,2896678.3262847452,128918.404783546
short,2767759.9215011992,binance,bitcoin,BTCUSDT,usd,2023-06-11 01:00:00,107.1134427892347,25826.6,0.0005,1383.8799607505996,2766376.0415404486,2023-06-20 17:00:00,27054.3,True,1448.939607626396,2896430.2756451657,-130054.23410471715
long,301539.4896807058,okx,bitcoin,BTC/USDT,coin,2023-06-17 09:00:00,11.470706174096113,26261.5,0.001,301.53948968070586,301237.9501910251,2023-06-22 09:00:00,30300.0,True,347.56239707511224,347214.8346780371,45976.884487011994
short,301237.9501910251,okx,bitcoin,BTCUSDCM,coin,2023-06-17 09:00:00,11.467372456426325,26256.0,0.0005,150.61897509551255,301087.3312159296,2023-06-22 09:00:00,30304.8,True,173.75821440875427,347342.67060309974,-46255.339387170156
long,150769.7448403529,okx,ethereum,ETH/USDT,coin,2023-06-17 09:00:00,87.63846709928347,1718.64,0.001,150.76974484035293,150618.97509551255,2023-06-21 17:00:00,1829.37,True,160.3231825574162,160162.8593748588,9543.884279346239
short,150618.97509551255,okx,ethereum,ETHUSDCM,coin,2023-06-17 09:00:00,87.60280341229738,1718.48,0.0005,75.30948754775628,150543.6656079648,2023-06-21 17:00:00,1829.73,True,80.14473874379145,160209.3327488391,-9665.667140874313
long,461754.64640277985,binance,ethereum,ETH/USDT,coin,2023-06-20 01:00:00,265.55344640859886,1737.1,0.001,461.7546464027799,461292.89175637707,2023-07-04 09:00:00,1948.81,True,517.5132118955415,516995.698683646,55702.80692726892
short,461292.89175637707,binance,ethereum,ETHUSDCM,coin,2023-06-20 01:00:00,265.5276694946434,1736.4,0.0005,230.64644587818853,461062.24531049887,2023-07-04 09:00:00,1948.08,True,258.6345711945625,517010.50781793037,-55948.2625074315
long,301566.2450802992,okx,bitcoin,BTC/USDT,coin,2023-06-24 01:00:00,9.754401127900886,30885.0,0.001,301.5662450802992,301264.6788352189,2023-06-28 17:00:00,30308.4,True,295.64029114487124,295344.6508537263,-5920.027981492574
short,301264.6788352189,okx,bitcoin,BTCUSDCM,coin,2023-06-24 01:00:00,9.743372211030799,30904.5,0.0005,150.63233941760944,301114.0464958013,2023-06-28 17:00:00,30311.3,True,147.66713905010894,295186.6109611678,5927.4355346335215
long,904698.7352408976,okx,bitcoin,BTC/USDT,usd,2023-06-24 01:00:00,29.263203383702663,30885.0,0.001,904.6987352408977,903794.0365056568,2023-06-28 17:00:00,30308.4,True,886.9208734346138,886033.9525611792,-17760.083944477607
short,903794.0365056568,okx,bitcoin,BTCUSDT,usd,2023-06-24 01:00:00,29.25169726690577,30881.7,0.0005,451.8970182528284,903342.1394874039,2023-06-28 17:00:00,30300.9,True,443.17637685739254,885909.5773379277,17432.56214947626
long,2774022.0192238335,binance,bitcoin,BTC/USDT,usd,2023-06-25 09:00:00,90.1987970622303,30723.78,0.001,2774.0220192238335,2771247.9972046097,2023-08-19 09:00:00,25918.0,True,2337.7724222588845,2335434.649836626,-435813.3473679838
short,2771247.9972046097,binance,bitcoin,BTCUSDT,usd,2023-06-25 09:00:00,90.18240454535415,30714.0,0.0005,1385.623998602305,2769862.3732060073,2023-08-19 09:00:00,25906.7,True,1168.164249917563,2335160.3355852086,434702.0376207987
long,1385700.3086905796,binance,ethereum,ETH/USDT,usd,2023-06-26 09:00:00,731.5436122758778,1892.32,0.001,1385.7003086905797,1384314.608381889,2023-08-18 01:00:00,1681.49,True,1230.0832686057656,1228853.1853371598,-155461.42304472928
short,1384314.608381889,binance,ethereum,ETHUSDT,usd,2023-06-26 09:00:00,731.4948194965361,1891.5,0.0005,692.1573041909445,1383622.451077698,2023-08-18 01:00:00,1681.0,True,614.8213957868386,1229027.9701778903,154594.48089980776
long,150846.3197268302,okx,ethereum,ETH/USDT,coin,2023-06-26 17:00:00,80.11284895967303,1881.04,0.001,150.84631972683022,150695.47340710336,2023-06-28 09:00:00,1866.87,True,149.56027433734477,149410.71406300744,-1284.7593440959172
short,150695.47340710336,okx,ethereum,ETHUSDCM,coin,2023-06-26 17:00:00,80.03620047313875,1881.9,0.0005,75.34773670355167,150620.1256703998,2023-06-28 09:00:00,1867.37,True,74.72859983876255,149382.47107768632,1237.6545927134866
long,603377.354450634,okx,ethereum,ETH/USDT,usd,2023-06-29 01:00:00,328.94429703194265,1832.45,0.001,603.377354450634,602773.9770961833,2023-07-10 01:00:00,1868.29,True,614.5633407018081,613948.7773611062,11174.800264922902
short,602773.9770961833,okx,ethereum,ETHUSDT,usd,2023-06-29 01:00:00,328.7977679524301,1832.35,0.0005,301.38698854809167,602472.5901076352,2023-07-10 01:00:00,1868.45,True,307.17109476535904,614035.0184359527,-11562.428328317474
long,301705.32256324484,okx,bitcoin,BTC/USDT,coin,2023-06-30 01:00:00,9.854815436650108,30584.4,0.001,301.70532256324486,301403.6172406816,2023-07-07 17:00:00,30119.5,True,296.82211354418297,296525.2914306388,-4878.325810042792
short,301403.6172406816,okx,bitcoin,BTCUSDCM,coin,2023-06-30 01:00:00,9.849276160636013,30586.3,0.0005,150.7018086203408,301252.91543206124,2023-07-07 17:00:00,30126.8,True,148.3635865181245,296578.8094497309,4674.105982330337
long,905115.9676897345,okx,bitcoin,BTC/USDT,usd,2023-06-30 01:00:00,29.564446309950323,30584.4,0.001,905.1159676897346,904210.8517220448,2023-07-08 17:00:00,30200.9,True,892.8728865621788,891980.0136756166,-12230.838046428165
short,904210.8517220448,okx,bitcoin,BTCUSDT,usd,2023-06-30 01:00:00,29.550437041296114,30583.6,0.0005,452.1054258610224,903758.7462961838,2023-07-08 17:00:00,30205.3,True,446.2899079817308,892133.5260554798,11625.220240704017
long,464359.53186315304,bybit,ethereum,ETH/USDT,usd,2023-07-02 01:00:00,241.26023108554708,1922.8,0.001,464.35953186315305,463895.1723312899,2023-07-28 09:00:00,1862.88,True,449.43885928464397,448989.42042535933,-14905.751905930578
short,463895.1723312899,bybit,ethereum,ETHUSDT,usd,2023-07-02 01:00:00,241.22790321878654,1922.0,0.00055,255.14234478220948,463640.0299865077,2023-07-28 09:00:00,1861.75,True,247.00832684966673,448859.0404907262,14780.989495781541
long,301954.5119635296,okx,bitcoin,BTC/USDT,coin,2023-07-11 09:00:00,9.897906493272371,30476.4,0.001,301.9545119635296,301652.5574515661,2023-07-13 17:00:00,30545.0,True,302.3315538370046,302029.2222831676,376.66483160149073
short,301652.5574515661,okx,bitcoin,BTCUSDCM,coin,2023-07-11 09:00:00,9.887831352701358,30492.2,0.0005,150.82627872578306,301501.73117284034,2023-07-13 17:00:00,30554.6,True,151.05936592462447,301967.6724833243,-465.9413104839623
long,150985.24930977417,okx,ethereum,ETH/USDT,coin,2023-07-12 01:00:00,80.45223516823627,1874.83,0.001,150.98524930977416,150834.2640604644,2023-07-13 17:00:00,1883.83,True,151.55833417697855,151406.77584280155,572.5117823371547
short,150834.2640604644,okx,ethereum,ETHUSDCM,coin,2023-07-12 01:00:00,80.37556882220537,1875.68,0.0005,75.4171320302322,150758.84692843416,2023-07-13 17:00:00,1884.5,True,75.73387972272302,151392.0255657233,-633.1786372891511
long,926389.3973483895,binance,bitcoin,BTC/USDT,coin,2023-07-13 17:00:00,29.93332600040628,30917.48,0.001,926.3893973483895,925463.0079510411,2023-07-15 01:00:00,30312.0,True,907.3389777243151,906431.6387465908,-19031.369204450282
short,925463.0079510411,binance,bitcoin,BTCUSDCM,coin,2023-07-13 17:00:00,29.916404742866654,30919.5,0.0005,462.7315039755206,925000.2764470655,2023-07-15 01:00:00,30312.3,True,453.41751774359847,906381.6179694532,18618.658477612305
long,309690.6778910604,bybit,bitcoin,BTC/USDT,coin,2023-07-13 17:00:00,10.12935819052383,30543.0,0.001,309.69067789106043,309380.98721316934,2023-08-18 01:00:00,27894.0,True,282.5483173664717,282265.76904910523,-27115.218164064107
short,309380.98721316934,bybit,bitcoin,BTCUSDCM,coin,2023-07-13 17:00:00,10.123455594231343,30544.0,0.00055,170.15954296724314,309210.8276702021,2023-08-18 01:00:00,27856.0,True,155.09943846809955,281843.87959444016,27366.94807576196
long,301949.6203638445,okx,bitcoin,BTC/USDT,coin,2023-07-14 17:00:00,9.665530358410203,31208.6,0.001,301.94962036384453,301647.6707434807,2023-07-16 09:00:00,30181.9,True,291.7240707245009,291432.3466537764,-10215.324089704256
short,301647.6707434807,okx,bitcoin,BTCUSDCM,coin,2023-07-14 17:00:00,9.652964977079456,31233.6,0.0005,150.82383537174033,301496.8469081089,2023-07-16 09:00:00,30200.4,True,145.76170174689523,291377.6417920435,10119.205116065394
long,150974.81018192225,okx,ethereum,ETH/USDT,coin,2023-07-14 17:00:00,75.69273774289631,1992.58,0.001,150.97481018192227,150823.83537174034,2023-07-16 01:00:00,1933.44,True,146.34736686162546,146201.01949476384,-4622.8158769765
short,150823.83537174034,okx,ethereum,ETHUSDCM,coin,2023-07-14 17:00:00,75.60708153816478,1993.84,0.0005,75.41191768587016,150748.42345405446,2023-07-16 01:00:00,1934.52,True,73.13170568860527,146190.27967152192,4558.143782532541
long,452924.4305457667,okx,ethereum,ETH/USDT,usd,2023-07-14 17:00:00,227.07821322868892,1992.58,0.001,452.9244305457667,452471.50611522095,2023-07-16 01:00:00,1933.44,True,439.0421005848763,438603.0584842914,-13868.447630929528
short,452471.50611522095,okx,ethereum,ETHUSDT,usd,2023-07-14 17:00:00,226.9077359474599,1993.08,0.0005,226.23575305761048,452245.27036216337,2023-07-16 01:00:00,1933.7,True,219.38574450080162,438552.1032571024,13693.167105060944
long,905967.603240697,okx,bitcoin,BTC/USDT,usd,2023-07-15 09:00:00,29.881460745283878,30288.4,0.001,905.9676032406969,905061.6356374562,2023-07-17 17:00:00,30161.7,True,901.2756545610289,900374.3789064678,-4687.256730988389
short,905061.6356374562,okx,bitcoin,BTCUSDT,usd,2023-07-15 09:00:00,29.86109760775725,30293.9,0.0005,452.5308178187281,904609.1048196375,2023-07-17 17:00:00,30156.0,True,450.24562972976383,900041.0138297979,4568.090989839635
long,927008.67520564,binance,bitcoin,BTC/USDT,coin,2023-07-19 17:00:00,30.914255774228145,29956.46,0.001,927.0086752056401,926081.6665304344,2023-07-23 01:00:00,29793.99,True,921.0590273947957,920137.9683674009,-5943.698163033463
short,926081.6665304344,binance,bitcoin,BTCUSDCM,coin,2023-07-19 17:00:00,30.908765734474777,29946.8,0.0005,463.0408332652172,925618.6256971692,2023-07-23 01:00:00,29779.2,True,460.2191582800357,919978.0974017913,5640.528295377968
long,603686.0179436712,okx,ethereum,ETH/USDT,usd,2023-07-28 17:00:00,323.0636674911223,1866.76,0.001,603.6860179436712,603082.3319257275,2023-08-10 01:00:00,1848.56,True,597.2025731773891,596605.3706042117,-6476.961321515846
short,603082.3319257275,okx,ethereum,ETHUSDT,usd,2023-07-28 17:00:00,322.9194340478527,1866.66,0.0005,301.5411659628638,602780.7907597647,2023-08-10 01:00:00,1848.63,True,298.47927668194103,596660.0740872001,6120.716672564624
long,928025.3405820936,binance,bitcoin,BTC/USDT,coin,2023-07-29 01:00:00,31.62628394493277,29314.14,0.001,928.0253405820936,927097.3152415114,2023-08-18 01:00:00,26623.41,True,841.9995242423626,841157.5247181202,-85939.79052339122
short,927097.3152415114,binance,bitcoin,BTCUSDCM,coin,2023-07-29 01:00:00,31.61784833757769,29307.3,0.0005,463.5486576207557,926633.7665838907,2023-08-18 01:00:00,26630.2,True,420.9948123996807,841568.6299869617,85065.13659692893
long,155113.0468619176,bybit,ethereum,ETH/USDT,coin,2023-07-29 01:00:00,82.68039025870283,1874.18,0.001,155.1130468619176,154957.93381505567,2023-07-31 01:00:00,1862.34,True,153.9789979943926,153825.01899639823,-1132.9148186574457
short,154957.93381505567,bybit,ethereum,ETHUSDCM,coin,2023-07-29 01:00:00,82.68697648235846,1873.0,0.00055,85.22686359828063,154872.7069514574,2023-07-31 01:00:00,1861.35,True,84.65017202149085,153824.7535034164,1047.953448040993
long,931318.8261839494,bybit,bitcoin,BTC/USDT,usd,2023-07-30 17:00:00,31.73760275400965,29314.99,0.001,931.3188261839493,930387.5073577655,2023-08-18 17:00:00,26493.0,True,840.8243097619777,839983.4854522157,-90404.0219055498
short,930387.5073577655,bybit,bitcoin,BTCUSDT,usd,2023-07-30 17:00:00,31.737783390686914,29298.7,0.00055,511.71312904677103,929875.7942287187,2023-08-18 17:00:00,26479.0,True,462.2116215210994,839922.5547804777,89953.23944824107
long,301902.31064926647,okx,bitcoin,BTC/USDT,coin,2023-08-02 09:00:00,10.176894443160542,29635.8,0.001,301.9023106492665,301600.4083386172,2023-08-12 17:00:00,29423.2,True,299.43680058000126,299137.36377942126,-2463.0445591959287
short,301600.4083386172,okx,bitcoin,BTCUSDCM,coin,2023-08-02 09:00:00,10.174655577907279,29627.5,0.0005,150.80020416930859,301449.6081344479,2023-08-12 17:00:00,29415.3,True,149.645273110408,299140.90094770555,2308.7071867423365
long,906030.3227465253,okx,bitcoin,BTC/USDT,usd,2023-08-04 01:00:00,30.910497963731387,29282.1,0.001,906.0303227465253,905124.2924237788,2023-08-18 17:00:00,26492.1,True,818.8840031049682,818065.1191018632,-87059.17332191556
short,905124.2924237788,okx,bitcoin,BTCUSDT,usd,2023-08-04 01:00:00,30.893987667889224,29283.1,0.0005,452.5621462118894,904671.7302775669,2023-08-18 17:00:00,26485.7,True,409.1244445877068,817839.7647308259,86831.96554674103
long,280.2987542246701,okx,ethereum,ETH/USDT,coin,2023-08-04 01:00:00,0.1517287569197004,1845.52,0.001,0.2802987542246701,280.0184554704455,2023-08-13 09:00:00,1849.9,True,0.2806830274257538,280.402344398328,0.3838889278825377
short,280.0184554704455,okx,ethereum,ETHUSDCM,coin,2023-08-04 01:00:00,0.15173840119855475,1844.48,0.0005,0.14000922773522273,279.87844624271025,2023-08-13 09:00:00,1849.25,True,0.1403011192082137,280.46193729721915,-0.5834910545088974
long,464651.46050344274,binance,ethereum,ETH/USDT,coin,2023-08-05 17:00:00,253.131132983749,1833.78,0.001,464.65146050344276,464186.8090429393,2023-08-18 01:00:00,1681.49,True,425.6374688008441,425211.8313320433,-38974.977710896
short,464186.8090429393,binance,ethereum,ETHUSDCM,coin,2023-08-05 17:00:00,253.2020168845569,1832.35,0.0005,232.09340452146964,463954.7156384178,2023-08-18 01:00:00,1680.93,True,212.80743312087915,425402.0588086374,38552.65682978043
long,155266.71985796848,bybit,ethereum,ETH/USDT,coin,2023-08-05 17:00:00,84.63086705483987,1832.8,0.001,155.26671985796847,155111.45313811052,2023-08-18 01:00:00,1738.2,True,147.10537311472268,146958.26774160794,-8153.18539650258
short,155111.45313811052,bybit,ethereum,ETHUSDCM,coin,2023-08-05 17:00:00,84.68597281704609,1830.6,0.00055,85.3112992259608,155026.14183888456,2023-08-18 01:00:00,1736.85,True,80.89775753800758,147005.9341297485,8020.20770913607
long,465800.1595739054,bybit,ethereum,ETH/USDT,usd,2023-08-05 17:00:00,253.8926011645196,1832.8,0.001,465.80015957390543,465334.3594143315,2023-08-19 01:00:00,1657.71,True,420.8803038764358,420459.4235725594,-44874.93584177212
short,465334.3594143315,bybit,ethereum,ETHUSDT,usd,2023-08-05 17:00:00,253.86931238490666,1831.96,0.00055,255.93389767788233,465078.42551665363,2023-08-19 01:00:00,1656.51,True,231.29538006229697,420305.7592786594,44772.66623799421
long,604441.1006652605,okx,ethereum,ETH/USDT,usd,2023-08-10 17:00:00,326.2200958204414,1851.01,0.001,604.4411006652605,603836.6595645952,2023-08-18 17:00:00,1685.83,True,549.9516241369747,549401.6725128377,-54434.98705175752
short,603836.6595645952,okx,ethereum,ETHUSDT,usd,2023-08-10 17:00:00,326.0411329667835,1851.1,0.0005,301.91832978229763,603534.7412348129,2023-08-18 17:00:00,1685.7,True,274.8037689210535,549332.734073186,54202.00716162694
long,302575.2223965065,okx,bitcoin,BTC/USDT,coin,2023-08-15 09:00:00,10.281837196002204,29398.7,0.001,302.57522239650655,302272.64717411,2023-08-18 17:00:00,26492.1,True,272.38745918021,272115.07172102976,-30157.575453080237
short,302272.64717411,okx,bitcoin,BTCUSDCM,coin,2023-08-15 09:00:00,10.284672498562527,29375.9,0.0005,151.136323587055,302121.51085052296,2023-08-18 17:00:00,26478.9,True,136.16340731109364,272190.6512148762,29930.859635646746
long,155674.51788273818,bybit,ethereum,ETH/USDT,coin,2023-08-22 17:00:00,93.54516894126644,1662.5,0.001,155.67451788273817,155518.84336485545,2023-08-24 09:00:00,1675.45,True,156.73025330264485,156573.5230493422,1054.679684486764
short,155518.84336485545,bybit,ethereum,ETHUSDCM,coin,2023-08-22 17:00:00,93.5499897688864,1661.5,0.00055,85.5353638506705,155433.30800100477,2023-08-24 09:00:00,1674.0,True,86.13147558021372,156516.55139753563,-1083.2433965308592
long,1245391.17617405,bybit,bitcoin,BTC/USDT,usd,2023-09-03 01:00:00,48.15549246953674,25836.01,0.001,1245.39117617405,1244145.7849978758,2023-09-14 09:00:00,26265.95,True,1264.8497574302287,1263584.9076727985,19439.12267492269
short,1244145.7849978758,bybit,bitcoin,BTCUSDT,usd,2023-09-03 01:00:00,48.15437390854944,25822.4,0.00055,684.2801817488318,1243461.504816127,2023-09-14 09:00:00,26251.4,True,695.2658521725922,1263424.465370722,-19962.960554595105
long,1210593.4439622322,okx,bitcoin,BTC/USDT,usd,2023-09-04 01:00:00,46.496662854747576,26010.1,0.001,1210.5934439622322,1209382.85051827,2023-09-09 01:00:00,25897.0,True,1204.124077949398,1202919.9538714485,-6462.896646821406
short,1209382.85051827,okx,bitcoin,BTCUSDT,usd,2023-09-04 01:00:00,46.4734145233202,26010.1,0.0005,604.691425259135,1208778.1590930107,2023-09-09 01:00:00,25901.5,True,601.8655731378892,1203129.2807026403,5648.8783903704025
long,1862585.984722033,binance,ethereum,ETH/USDT,usd,2023-09-11 01:00:00,1150.4268518611807,1617.42,0.001,1862.585984722033,1860723.398737311,2023-09-12 09:00:00,1580.04,True,1817.72044301474,1815902.7225717253,-44820.67616558564
short,1860723.398737311,binance,ethereum,ETHUSDT,usd,2023-09-11 01:00:00,1150.5345242306907,1616.46,0.0005,930.3616993686554,1859793.0370379423,2023-09-12 09:00:00,1579.16,True,908.4390496420688,1815969.6602344955,43823.376803446794
long,1245880.7947910705,bybit,bitcoin,BTC/USDT,usd,2023-09-21 01:00:00,46.21918008732898,26928.97,0.001,1245.8807947910705,1244634.9139962795,2023-09-28 17:00:00,26477.47,True,1223.7669541868504,1222543.1872326636,-22091.72676361585
short,1244634.9139962795,bybit,bitcoin,BTCUSDT,usd,2023-09-21 01:00:00,46.223059865471456,26911.9,0.00055,684.5492026979538,1243950.3647935814,2023-09-28 17:00:00,26461.8,True,672.7299510514729,1222472.635597081,21477.7291965005
long,155743.1559933812,bybit,ethereum,ETH/USDT,coin,2023-09-21 17:00:00,97.54757887973456,1594.99,0.001,155.7431559933812,155587.41283738782,2023-09-23 17:00:00,1593.4,True,155.43231218696906,155276.87987478208,-310.5329626057355
short,155587.41283738782,bybit,ethereum,ETHUSDCM,coin,2023-09-21 17:00:00,97.53306348062047,1594.35,0.00055,85.5730770605633,155501.83976032725,2023-09-23 17:00:00,1592.5,True,85.42677197608846,155235.976820912,265.86293941523763
long,465568.52901232033,binance,ethereum,ETH/USDT,coin,2023-09-28 01:00:00,290.93846636389156,1598.63,0.001,465.5685290123203,465102.960483308,2023-09-30 17:00:00,1683.32,True,489.74253919966594,489252.7966604663,24149.836177158286
short,465102.960483308,binance,ethereum,ETHUSDCM,coin,2023-09-28 01:00:00,291.0661054535738,1597.13,0.0005,232.55148024165402,464870.40900306636,2023-09-30 17:00:00,1682.64,True,244.87973584020074,489514.5919445613,-24644.182941494917
long,151272.32442839435,okx,ethereum,ETH/USDT,coin,2023-09-28 09:00:00,94.08197383003228,1606.27,0.001,151.27232442839434,151121.05210396595,2023-09-30 01:00:00,1665.33,True,156.67753347836768,156520.8559448893,5399.803840923356
short,151121.05210396595,okx,ethereum,ETHUSDCM,coin,2023-09-28 09:00:00,94.05542715572005,1605.92,0.0005,75.56052605198298,151045.49157791396,2023-09-30 01:00:00,1665.57,True,78.32794890387633,156577.5698588488,-5532.078280934831
long,931161.4743214791,binance,bitcoin,BTC/USDT,coin,2023-09-29 17:00:00,34.5957525017938,26888.57,0.001,931.1614743214791,930230.3128471576,2023-10-01 01:00:00,26962.57,True,932.7903985322904,931857.6081337581,1627.295286600478
short,930230.3128471576,binance,bitcoin,BTCUSDCM,coin,2023-09-29 17:00:00,34.59990539153294,26871.9,0.0005,465.1151564235788,929765.197690734,2023-10-01 01:00:00,26957.3,True,466.3600148055855,932253.6695963654,-2488.4719056313625
long,155711.73038890338,bybit,ethereum,ETH/USDT,coin,2023-09-30 01:00:00,93.40796393440048,1665.34,0.001,155.7117303889034,155556.01865851448,2023-10-07 01:00:00,1646.21,True,153.76912430844942,153615.35518414096,-1940.6634743735194
short,155556.01865851448,bybit,ethereum,ETHUSDCM,coin,2023-09-30 01:00:00,93.4149269051567,1664.3,0.00055,85.55581026218297,155470.4628482523,2023-10-07 01:00:00,1646.4,True,84.58908461115752,153713.74657203886,1756.7162762134394
long,1861892.364095594,binance,ethereum,ETH/USDT,usd,2023-10-05 17:00:00,1149.3730901140075,1618.3,0.001,1861.892364095594,1860030.4717314984,,,False,,,
short,1860030.4717314984,binance,ethereum,ETHUSDT,usd,2023-10-05 17:00:00,1149.4376508567036,1617.4,0.0005,930.0152358657492,1859100.4564956327,,,False,,,
long,1245693.1131208858,bybit,bitcoin,BTC/USDT,usd,2023-10-07 09:00:00,44.597040738860834,27904.26,0.001,1245.6931131208858,1244447.4200077648,2023-10-09 09:00:00,27923.25,True,1245.2943178113958,1244049.0234935842,-398.396514180582
short,1244447.4200077648,bybit,bitcoin,BTCUSDT,usd,2023-10-07 09:00:00,44.598979977795246,27887.7,0.00055,684.4460810042707,1243762.9739267605,2023-10-09 09:00:00,27907.4,True,684.5528656077778,1243957.0209667154,-194.0470399549231
long,605058.125976908,okx,ethereum,ETH/USDT,usd,2023-10-10 09:00:00,381.4522613456504,1584.61,0.001,605.0581259769081,604453.0678509311,2023-10-14 01:00:00,1546.02,True,589.7328250856025,589143.0922605168,-15309.975590414251
short,604453.0678509311,okx,ethereum,ETHUSDT,usd,2023-10-10 09:00:00,381.1989887605959,1584.87,0.0005,302.22653392546556,604150.8413170056,2023-10-14 01:00:00,1545.87,True,294.6420403776712,588989.4387149647,15161.402602040907
long,3725089.053791787,binance,bitcoin,BTC/USDT,usd,2023-10-11 09:00:00,137.71633670915662,27021.95,0.001,3725.089053791787,3721363.964737995,2023-10-18 01:00:00,28395.91,True,3910.5807027229075,3906670.1220201845,185306.15728218947
short,3721363.964737995,binance,bitcoin,BTCUSDT,usd,2023-10-11 09:00:00,137.69461337650904,27012.7,0.0005,1860.6819823689975,3719503.282755626,2023-10-18 01:00:00,28382.0,True,1954.0242584260398,3906094.4925936535,-186591.2098380276
long,155653.51633080415,bybit,ethereum,ETH/USDT,coin,2023-10-12 09:00:00,99.56323653122892,1561.8,0.001,155.65351633080417,155497.86281447334,2023-10-16 09:00:00,1563.03,True,155.62032559540674,155464.70526981133,-33.15754466201179
short,155497.86281447334,bybit,ethereum,ETHUSDCM,coin,2023-10-12 09:00:00,99.58499230419415,1560.6,0.00055,85.52382454796034,155412.33898992537,2023-10-16 09:00:00,1562.35,True,85.57263699955175,155501.04008945817,-88.70109953280189
long,311309.3499545867,bybit,bitcoin,BTC/USDT,coin,2023-10-12 17:00:00,11.588466035319785,26836.86,0.001,311.3093499545867,310998.0406046321,2023-10-19 09:00:00,28258.86,True,327.47683930685685,327149.36246755,16151.32186291786
short,310998.0406046321,bybit,bitcoin,BTCUSDCM,coin,2023-10-12 17:00:00,11.586781170591948,26826.0,0.00055,171.04892233254768,310826.9916822996,2023-10-19 09:00:00,28251.0,True,180.03598516771623,327158.1188652254,-16331.127182925818
long,467006.87674874935,bybit,ethereum,ETH/USDT,usd,2023-10-13 17:00:00,301.6746652906567,1546.5,0.001,467.00687674874933,466539.8698720006,2023-10-18 01:00:00,1564.1,True,471.84934398111614,471377.494637135,4837.6247651344165
short,466539.8698720006,bybit,ethereum,ETHUSDT,usd,2023-10-13 17:00:00,301.6569882021368,1545.74,0.00055,256.5969284296003,466283.272943571,2023-10-18 01:00:00,1563.29,True,259.3675441975851,471317.9855423208,-5034.712598749844
long,934080.5291610386,bybit,bitcoin,BTC/USDT,usd,2023-10-14 09:00:00,34.64925818898882,26931.21,0.001,934.0805291610386,933146.4486318775,2024-04-18 17:00:00,62591.57,True,2168.7514693841667,2166582.717914783,1233436.2692829054
short,933146.4486318775,bybit,bitcoin,BTCUSDT,usd,2023-10-14 09:00:00,34.648096877663434,26917.3,0.00055,513.2305467475327,932633.21808513,2024-04-18 17:00:00,62551.8,True,1192.0154544497254,2166108.810817778,-1233475.5927326481
long,302526.2750351752,okx,bitcoin,BTC/USDT,coin,2023-10-17 09:00:00,10.688235333482105,28276.3,0.001,302.5262750351752,302223.74876014004,2023-10-19 09:00:00,28258.3,True,302.0313605241373,301729.3291636132,-494.41959652683
short,302223.74876014004,okx,bitcoin,BTCUSDCM,coin,2023-10-17 09:00:00,10.67986964095841,28284.3,0.0005,151.11187438007002,302072.63688575994,2023-10-19 09:00:00,28260.3,True,150.90816000718848,301665.41185436974,407.2250313902041
long,302502.02672431275,okx,bitcoin,BTC/USDT,coin,2023-10-24 01:00:00,9.63714051041809,31357.8,0.001,302.50202672431277,302199.5246975884,2023-11-04 16:00:00,34712.3,True,334.52731253978595,334192.7852272461,31993.26052965771
short,302199.5246975884,okx,bitcoin,BTCUSDCM,coin,2023-10-24 01:00:00,9.626458475350962,31376.9,0.0005,151.0997623487942,302048.4249352396,2023-11-04 16:00:00,34731.1,True,167.1687459766309,334170.32320728514,-32121.89827204554
long,623179.1335566549,bybit,ethereum,ETH/USDT,usd,2023-10-24 09:00:00,344.117069117425,1809.14,0.001,623.179133556655,622555.9544230982,2024-02-04 00:00:00,2303.59,True,792.7046392482091,791911.9346089609,169355.98018586263
short,622555.9544230982,bybit,ethereum,ETHUSDT,usd,2023-10-24 09:00:00,343.9867475927343,1808.83,0.00055,342.40577493270405,622213.5486481655,2024-02-04 00:00:00,2302.54,True,435.6237851911959,791607.6220169831,-169394.07336881757
long,151262.31891191838,okx,ethereum,ETH/USDT,coin,2023-10-25 01:00:00,85.02186246315041,1777.32,0.001,151.26231891191838,151111.05659300648,2023-11-03 08:00:00,1798.17,True,152.8837624253632,152730.87866293782,1619.8220699313388
short,151111.05659300648,okx,ethereum,ETHUSDCM,coin,2023-10-25 01:00:00,84.97648283693411,1777.38,0.0005,75.55552829650324,151035.50106470997,2023-11-03 08:00:00,1798.68,True,76.42275007456833,152769.07739906208,-1733.5763343521103
long,453786.95673575514,okx,ethereum,ETH/USDT,usd,2023-10-25 01:00:00,255.0655873894512,1777.32,0.001,453.78695673575515,453333.1697790194,2023-11-04 16:00:00,1837.54,True,468.69321945161215,468224.5262321605,14891.35645314114
short,453333.1697790194,okx,ethereum,ETHUSDT,usd,2023-10-25 01:00:00,254.92227721717865,1777.43,0.0005,226.6665848895097,453106.50319412985,2023-11-04 16:00:00,1837.46,True,234.20474374773855,468175.28275172936,-15068.779557599511
long,907717.0960216802,okx,bitcoin,BTC/USDT,usd,2023-10-25 17:00:00,26.516289714828808,34198.2,0.001,907.7170960216802,906809.3789256585,2023-11-25 16:00:00,37652.0,True,998.3913403427342,997392.9490023915,90583.57007673301
short,906809.3789256585,okx,bitcoin,BTCUSDT,usd,2023-10-25 17:00:00,26.498614901698218,34203.9,0.0005,453.40468946282925,906355.9742361957,2023-11-25 16:00:00,37655.9,True,498.914596438429,997330.2782804195,-90974.30404422386
long,932036.5805170488,binance,bitcoin,BTC/USDT,coin,2023-10-26 09:00:00,26.873759290004337,34647.35,0.001,932.0365805170488,931104.5439365318,2024-04-13 01:00:00,67116.52,True,1803.6732028627619,1801869.5296598992,870764.9857233674
short,931104.5439365318,binance,bitcoin,BTCUSDCM,coin,2023-10-26 09:00:00,26.85106137932859,34659.3,0.0005,465.55227196826587,930638.9916645635,2024-04-13 01:00:00,67120.0,True,901.1216198902675,1801342.1181606448,-870703.1264960812
long,2796109.7415511464,binance,bitcoin,BTC/USDT,usd,2023-10-26 09:00:00,80.621277870013,34647.35,0.001,2796.1097415511463,2793313.631809595,2024-04-19 01:00:00,63470.09,True,5117.039762324734,5111922.722562409,2318609.090752814
short,2793313.631809595,binance,bitcoin,BTCUSDT,usd,2023-10-26 09:00:00,80.57806015232046,34648.6,0.0005,1396.6568159047974,2791916.9749936904,2024-04-19 01:00:00,63445.0,True,2556.137513181986,5109718.8888507895,-2317801.913857099
long,312035.73794654215,bybit,bitcoin,BTC/USDT,coin,2023-10-29 16:00:00,9.099296579152188,34258.0,0.001,312.03573794654216,311723.70220859564,2024-01-21 00:00:00,41633.72,True,378.83756597338004,378458.72840740666,66735.02619881101
short,311723.70220859564,bybit,bitcoin,BTCUSDCM,coin,2023-10-29 16:00:00,9.086865022819252,34286.0,0.00055,171.4480362147276,311552.2541723809,2024-01-21 00:00:00,41590.0,True,207.857493964479,377714.8588050882,-66162.60463270731
long,607000.1510197304,okx,ethereum,ETH/USDT,usd,2023-11-06 08:00:00,321.26449037292883,1887.52,0.001,607.0001510197304,606393.1508687106,2023-11-19 16:00:00,1951.93,True,627.085796693631,626458.7108969374,20065.560028226813
short,606393.1508687106,okx,ethereum,ETHUSDT,usd,2023-11-06 08:00:00,321.1378856226163,1887.32,0.0005,303.1965754343553,606089.9542932762,2023-11-19 16:00:00,1952.09,True,313.4450275725265,626576.6101174804,-20486.65582420421
long,303545.8892262523,okx,bitcoin,BTC/USDT,coin,2023-11-06 16:00:00,8.606062093973078,35235.9,0.001,303.54588922625226,303242.343337026,2023-11-11 08:00:00,37041.8,True,318.784030872532,318465.2468416595,15222.903504633461
short,303242.343337026,okx,bitcoin,BTCUSDCM,coin,2023-11-06 16:00:00,8.593418282493033,35270.1,0.0005,151.621171668513,303090.7221653575,2023-11-11 08:00:00,37057.0,True,159.22315064717216,318287.0781436971,-15196.35597833962
long,304315.9700510538,okx,bitcoin,BTC/USDT,coin,2023-11-12 16:00:00,8.203051582291875,37060.8,0.001,304.3159700510538,304011.65408100275,2023-11-25 16:00:00,37652.0,True,308.8612981764537,308552.4368782772,4540.782797274471
short,304011.65408100275,okx,bitcoin,BTCUSDCM,coin,2023-11-12 16:00:00,8.195102465976294,37078.2,0.0005,152.00582704050137,303859.6482539622,2023-11-25 16:00:00,37669.7,True,154.3535256812936,308552.6978369059,-4693.0495829436695
long,152547.99589814615,okx,ethereum,ETH/USDT,coin,2023-11-20 16:00:00,75.27782888218371,2024.44,0.001,152.54799589814616,152395.447902248,2023-11-22 16:00:00,2015.27,True,151.70515021139838,151553.44506118697,-842.0028410610394
short,152395.447902248,okx,ethereum,ETHUSDCM,coin,2023-11-20 16:00:00,75.19042056802658,2025.78,0.0005,76.197723951124,152319.25017829688,2023-11-22 16:00:00,2015.06,True,75.75660443490382,151437.45226537273,881.797912924143
long,457734.0875600496,okx,ethereum,ETH/USDT,usd,2023-11-21 00:00:00,224.56678099677328,2036.26,0.001,457.7340875600496,457276.3534724896,2023-11-23 08:00:00,2059.54,True,462.50426813409445,462041.76386596035,4765.410393470782
short,457276.3534724896,okx,ethereum,ETHUSDT,usd,2023-11-21 00:00:00,224.447884073109,2036.32,0.0005,228.6381767362448,457047.7152957533,2023-11-23 08:00:00,2059.25,True,231.09715263877487,461963.20812491095,-4915.492829157622
long,152673.0118217662,okx,ethereum,ETH/USDT,coin,2023-11-24 00:00:00,73.95606810321652,2062.31,0.001,152.6730118217662,152520.33880994446,2023-11-25 16:00:00,2070.92,True,153.15710055631317,153003.94345575687,483.6046458124183
short,152520.33880994446,okx,ethereum,ETHUSDCM,coin,2023-11-24 00:00:00,73.87789375153358,2063.46,0.0005,76.26016940497223,152444.0786405395,2023-11-25 16:00:00,2071.51,True,76.51939784261967,152962.27628739673,-518.1976468572393
long,458019.0354652986,okx,ethereum,ETH/USDT,usd,2023-11-24 00:00:00,221.86820430964954,2062.31,0.001,458.01903546529866,457561.0164298333,2023-11-26 00:00:00,2082.45,True,462.0294420646296,461567.412622565,4006.396192731685
short,457561.0164298333,okx,ethereum,ETHUSDT,usd,2023-11-24 00:00:00,221.81965432991635,2061.73,0.0005,228.78050821491667,457332.2359216184,2023-11-26 00:00:00,2082.4,True,230.95862408830894,461686.2895525295,-4354.053630911105
long,305381.22828443453,okx,bitcoin,BTC/USDT,coin,2023-11-27 00:00:00,8.161887497121311,37378.1,0.001,305.38122828443454,305075.8470561501,2023-11-28 08:00:00,37129.1,True,303.0435370693669,302740.49353229755,-2335.3535238525365
short,305075.8470561501,okx,bitcoin,BTCUSDCM,coin,2023-11-27 00:00:00,8.155624627424823,37388.1,0.0005,152.53792352807505,304923.30913262203,2023-11-28 08:00:00,37132.5,True,151.4193657389261,302687.3121121133,2235.9970205087448
long,916143.6848533035,okx,bitcoin,BTC/USDT,usd,2023-11-27 00:00:00,24.485662491363932,37378.1,0.001,916.1436848533035,915227.5411684501,2023-12-03 00:00:00,39418.1,True,965.1782926508325,964213.1143581817,48985.57318973157
short,915227.5411684501,okx,bitcoin,BTCUSDT,usd,2023-11-27 00:00:00,24.47479471847886,37376.0,0.0005,457.6137705842251,914769.9273978659,2023-12-03 00:00:00,39433.4,True,482.5621850258322,964641.8078666385,-49871.88046877261
long,610837.2041667403,okx,ethereum,ETH/USDT,usd,2023-11-29 00:00:00,296.3630640162082,2059.05,0.001,610.8372041667403,610226.3669625736,2024-01-04 08:00:00,2231.16,True,661.2334139104032,660572.1804964928,50345.813533919165
short,610226.3669625736,okx,ethereum,ETHUSDT,usd,2023-11-29 00:00:00,296.13146719512355,2059.63,0.0005,305.1131834812868,609921.2537790923,2024-01-04 08:00:00,2230.98,True,330.33169034148835,660333.0489926352,-50411.79521354288
long,305553.87367105123,okx,bitcoin,BTC/USDT,coin,2023-12-02 00:00:00,7.875038886456411,38761.5,0.001,305.55387367105124,305248.3197973802,2023-12-12 00:00:00,40783.1,True,321.1684984102405,320847.3299118302,15599.010114450008
short,305248.3197973802,okx,bitcoin,BTCUSDCM,coin,2023-12-02 00:00:00,7.869010353852065,38771.8,0.0005,152.6241598986901,305095.6956374815,2023-12-12 00:00:00,40747.9,True,160.3228234988643,320485.3241742297,-15389.628536748176
long,916485.7591516192,okx,bitcoin,BTC/USDT,usd,2023-12-03 16:00:00,23.19223842989831,39477.4,0.001,916.4857591516192,915569.2733924675,2024-01-04 08:00:00,43111.1,True,999.8429101751891,998843.0672650138,83273.79387254629
short,915569.2733924675,okx,bitcoin,BTCUSDT,usd,2023-12-03 16:00:00,23.176180543390434,39485.0,0.0005,457.78463669623375,915111.4887557713,2024-01-04 08:00:00,43105.0,True,499.5046311614223,998509.7576916831,-83398.26893591182
long,182.6122445948422,okx,ethereum,ETH/USDT,coin,2023-12-03 16:00:00,0.0844816302446269,2159.4,0.001,0.1826122445948422,182.42963235024735,2024-01-04 08:00:00,2231.16,True,0.18849203413660176,188.30354210246514,5.8739097522177985
short,182.42963235024735,okx,ethereum,ETHUSDCM,coin,2023-12-03 16:00:00,0.08441085376068673,2160.13,0.0005,0.09121481617512367,182.33841753407222,2024-01-04 08:00:00,2232.2,True,0.09421095388230245,188.32769681072259,-5.989279276650365
long,307537.7481084774,okx,bitcoin,BTC/USDT,coin,2023-12-14 08:00:00,7.192139295613481,42717.5,0.001,307.5377481084774,307230.2103603689,2024-01-03 16:00:00,43698.0,True,314.2821029397179,313967.82083677815,6737.61047640926
short,307230.2103603689,okx,bitcoin,BTCUSDCM,coin,2023-12-14 08:00:00,7.184742086592888,42740.1,0.0005,153.61510518018446,307076.5952551887,2024-01-03 16:00:00,43697.0,True,156.97583747892472,313794.6991203705,-6718.103865181794
long,156060.4427643158,okx,ethereum,ETH/USDT,coin,2024-01-06 16:00:00,69.64058709141534,2238.7,0.001,156.0604427643158,155904.3823215515,2024-01-17 16:00:00,2542.99,True,177.0953165675983,176918.22125103069,21013.838929479185
short,155904.3823215515,okx,ethereum,ETHUSDCM,coin,2024-01-06 16:00:00,69.5473627946294,2240.58,0.0005,77.95219116077575,155826.4301303907,2024-01-17 16:00:00,2542.09,True,88.39782774329973,176707.25765885616,-20880.827528465452
long,312131.7109368707,okx,bitcoin,BTC/USDT,coin,2024-01-09 16:00:00,6.689124938613945,46615.9,0.001,312.1317109368707,311819.5792259338,2024-01-11 08:00:00,46491.5,True,310.98745208357025,310676.4646314867,-1143.1145944471355
short,311819.5792259338,okx,bitcoin,BTCUSDCM,coin,2024-01-09 16:00:00,6.681895877973561,46643.0,0.0005,155.9097896129669,311663.66943632084,2024-01-11 08:00:00,46508.2,True,155.381474935985,310607.568397034,1056.1010392868193
long,936395.132810612,okx,bitcoin,BTC/USDT,usd,2024-01-09 16:00:00,20.067374815841834,46615.9,0.001,936.395132810612,935458.7376778014,2024-02-01 00:00:00,43328.5,True,869.4892497082029,868619.7604584947,-66838.97721930675
short,935458.7376778014,okx,bitcoin,BTCUSDT,usd,2024-01-09 16:00:00,20.055577183804427,46620.0,0.0005,467.7293688389007,934991.0083089625,2024-02-01 00:00:00,43331.1,True,434.515110254574,868595.7053988934,66395.302910069
long,468202.97910942556,okx,ethereum,ETH/USDT,usd,2024-01-09 16:00:00,203.4859224184686,2298.61,0.001,468.2029791094256,467734.77613031614,2024-01-14 00:00:00,2572.07,True,523.3800364748705,522856.6564383957,55121.88030807953
short,467734.77613031614,okx,ethereum,ETHUSDT,usd,2024-01-09 16:00:00,203.3594076890373,2298.89,0.0005,233.86738806515808,467500.908742251,2024-01-14 00:00:00,2572.03,True,261.5232486792173,522784.9741097554,-55284.06536750443
long,312319.1618761612,okx,bitcoin,BTC/USDT,coin,2024-01-12 08:00:00,6.784217531909802,45990.1,0.001,312.31916187616116,312006.842714285,2024-01-13 16:00:00,42624.0,True,289.17048808012345,288881.3175920433,-23125.5251222417
short,312006.842714285,okx,bitcoin,BTCUSDCM,coin,2024-01-12 08:00:00,6.780928633400912,45989.4,0.0005,156.0034213571425,311850.8392929279,2024-01-13 16:00:00,42607.0,True,144.45751314165634,288770.56877017097,23080.27052275691
long,468717.6094004031,okx,ethereum,ETH/USDT,usd,2024-01-15 08:00:00,187.030233180621,2503.6,0.001,468.7176094004031,468248.8917910027,2024-01-27 16:00:00,2265.85,True,423.7824538523101,423358.6713984578,-44890.22039254493
short,468248.8917910027,okx,ethereum,ETHUSDT,usd,2024-01-15 08:00:00,186.88446565711263,2504.3,0.0005,234.12444589550137,468014.7673451072,2024-01-27 16:00:00,2266.03,True,211.7429028564935,423274.0628101305,44740.70453497674
long,312478.760941921,okx,bitcoin,BTC/USDT,coin,2024-01-16 00:00:00,7.261369671574297,42990.0,0.001,312.478760941921,312166.28218097903,2024-01-17 16:00:00,42682.0,True,309.92978032213415,309619.850541812,-2546.4316391670145
short,312166.28218097903,okx,bitcoin,BTCUSDCM,coin,2024-01-16 00:00:00,7.260103291136647,42976.0,0.0005,156.08314109048953,312010.19903988857,2024-01-17 16:00:00,42653.5,True,154.8344078642485,309513.98132063274,2496.21771925583
long,156306.69460614404,okx,ethereum,ETH/USDT,coin,2024-01-18 16:00:00,61.89615737858152,2522.78,0.001,156.30669460614405,156150.3879115379,2024-01-21 16:00:00,2473.81,True,153.11933308470876,152966.21375162405,-3184.1741599138477
short,156150.3879115379,okx,ethereum,ETHUSDCM,coin,2024-01-18 16:00:00,61.9135566415486,2520.81,0.0005,78.07519395576895,156072.31271758213,2024-01-21 16:00:00,2473.86,True,76.58273561663071,153088.8884976448,2983.4242199373257
long,312789.47610528173,okx,bitcoin,BTC/USDT,coin,2024-01-20 16:00:00,7.514764587046139,41581.7,0.001,312.7894761052817,312476.68662917643,2024-02-14 16:00:00,51553.0,True,387.4086587559896,387021.2500972336,74544.5634680572
short,312476.68662917643,okx,bitcoin,BTCUSDCM,coin,2024-01-20 16:00:00,7.512868180668965,41571.4,0.0005,156.2383433145882,312320.4482858618,2024-02-14 16:00:00,51603.0,True,193.8432683635303,387492.6934586971,-75172.2451728353
long,156442.97273419742,okx,ethereum,ETH/USDT,coin,2024-01-23 08:00:00,66.80653066032737,2339.39,0.001,156.4429727341974,156286.52976146323,2024-04-02 17:00:00,3308.6,True,221.03608734275915,220815.05125541636,64528.52149395313
short,156286.52976146323,okx,ethereum,ETHUSDCM,coin,2024-01-23 08:00:00,66.8185415760897,2337.8,0.0005,78.14326488073162,156208.3864965825,2024-04-02 17:00:00,3309.17,True,110.55695661367439,221003.3562707351,-64794.96977415259
long,327847.4221545558,bybit,bitcoin,BTC/USDT,coin,2024-01-26 08:00:00,8.174330062775134,40066.84,0.001,327.84742215455583,327519.57473240123,2024-04-14 01:00:00,64731.77,True,529.1388535276454,528609.7146741179,201090.13994171662
short,327519.57473240123,bybit,bitcoin,BTCUSDCM,coin,2024-01-26 08:00:00,8.179089713436488,40021.5,0.00055,180.1357661028207,327339.4389662984,2024-04-14 01:00:00,64777.5,True,291.4015411516727,529529.5823709804,-202190.143404682
long,164323.12670094988,bybit,ethereum,ETH/USDT,coin,2024-02-04 00:00:00,71.26216191867864,2303.59,0.001,164.3231267009499,164158.80357424894,2024-04-14 01:00:00,3083.04,True,219.704095681763,219484.39158608124,55325.5880118323
short,164158.80357424894,bybit,ethereum,ETHUSDCM,coin,2024-02-04 00:00:00,71.2907431269154,2301.4,0.00055,90.28734196583693,164068.51623228312,2024-04-14 01:00:00,3082.3,True,120.85670164705026,219618.6008384443,-55550.084606161196
long,940556.2703194676,okx,bitcoin,BTC/USDT,usd,2024-02-11 00:00:00,19.769729718253412,47528.0,0.001,940.5562703194677,939615.7140491481,2024-04-15 01:00:00,64164.8,True,1268.5207534257866,1267252.2326723607,327636.5186232126
short,939615.7140491481,okx,bitcoin,BTCUSDT,usd,2024-02-11 00:00:00,19.758472968173045,47531.3,0.0005,469.8078570245741,939145.9061921235,2024-04-15 01:00:00,64161.8,True,633.8695954446628,1267105.3212938807,-327959.41510175716
long,470229.90047817735,okx,ethereum,ETH/USDT,usd,2024-02-11 00:00:00,188.0934664452565,2497.48,0.001,470.22990047817734,469759.6705776992,2024-03-20 16:00:00,3293.55,True,619.4952364107745,618875.7411743638,149116.07059666456
short,469759.6705776992,okx,ethereum,ETHUSDT,usd,2024-02-11 00:00:00,187.98286052865052,2497.7,0.0005,234.87983528884962,469524.79074241035,2024-03-20 16:00:00,3293.76,True,309.58521334742403,618860.8414815005,-149336.0507390902
long,494559.68777861167,bybit,ethereum,ETH/USDT,usd,2024-02-13 08:00:00,187.11398742291394,2640.45,0.001,494.5596877786117,494065.1280908331,2024-04-14 01:00:00,3083.04,True,576.8799077843406,576303.0278765563,82237.89978572319
short,494065.1280908331,bybit,ethereum,ETHUSDT,usd,2024-02-13 08:00:00,186.84195496904206,2642.84,0.00055,271.7358204499582,493793.39227038313,2024-04-14 01:00:00,3081.49,True,316.6633886996544,575434.9524288537,-81641.56015847059
long,313916.64843117964,okx,bitcoin,BTC/USDT,coin,2024-02-15 08:00:00,5.9906155185915395,52349.0,0.001,313.9166484311796,313602.7317827485,2024-02-18 08:00:00,51479.9,True,308.3962878355406,308087.89154770505,-5514.8402350434335
short,313602.7317827485,okx,bitcoin,BTCUSDCM,coin,2024-02-15 08:00:00,5.981575676012838,52401.9,0.0005,156.80136589137425,313445.9304168571,2024-02-18 08:00:00,51490.0,True,153.99566577895052,307837.3358921221,5608.594524735003
long,314600.5636878226,okx,bitcoin,BTC/USDT,coin,2024-02-19 16:00:00,6.004917318820034,52338.1,0.001,314.6005636878226,314285.9631241348,2024-03-09 08:00:00,68242.9,True,409.79297209650366,409383.1791244072,95097.21600027237
short,314285.9631241348,okx,bitcoin,BTCUSDCM,coin,2024-02-19 16:00:00,6.001020522000247,52345.9,0.0005,157.1429815620674,314128.82014257275,2024-03-09 08:00:00,68358.3,True,205.10978057452476,410014.451368475,-95885.63122590224
long,322209.0330544626,okx,bitcoin,BTC/USDT,coin,2024-03-10 00:00:00,4.720018065863123,68196.1,0.001,322.20903305446257,321886.8240214081,2024-04-02 17:00:00,65617.1,True,309.7138974295471,309404.1835321176,-12482.640489290527
short,321886.8240214081,okx,bitcoin,BTCUSDCM,coin,2024-03-10 00:00:00,4.709054219429798,68320.7,0.0005,160.94341201070407,321725.88060939737,2024-04-02 17:00:00,65640.1,True,154.55139493439697,308948.2384738595,12777.64213553787
long,497190.04129316914,okx,ethereum,ETH/USDT,usd,2024-03-22 08:00:00,141.03901025703033,3521.67,0.001,497.19004129316914,496692.851251876,2024-04-14 01:00:00,3083.25,True,434.8585283749888,434423.6698466138,-62269.18140526221
short,496692.851251876,okx,ethereum,ETHUSDT,usd,2024-03-22 08:00:00,140.94887933150397,3522.16,0.0005,248.346425625938,496444.50482625,2024-04-14 01:00:00,3083.8,True,217.329077041246,434440.82500545075,62003.67982079927
long,163793.87255352293,okx,ethereum,ETH/USDT,coin,2024-04-05 01:00:00,48.60410049366551,3366.59,0.001,163.79387255352293,163630.0786809694,2024-04-13 09:00:00,3230.62,True,157.02137913684567,156864.3577577088,-6765.720923260582
short,163630.0786809694,okx,ethereum,ETHUSDCM,coin,2024-04-05 01:00:00,48.5627770428589,3367.77,0.0005,81.8150393404847,163548.2636416289,2024-04-13 09:00:00,3231.37,True,78.46215042649148,156845.83870255644,6702.424939072458
long,330723.0931034015,okx,bitcoin,BTC/USDT,coin,2024-04-07 17:00:00,4.763593568571928,69357.8,0.001,330.7230931034015,330392.3700102981,2024-04-10 01:00:00,69000.0,True,328.6879562314631,328359.2682752316,-2033.101735066506
short,330392.3700102981,okx,bitcoin,BTCUSDCM,coin,2024-04-07 17:00:00,4.760209735071772,69372.4,0.0005,165.19618500514906,330227.17382529296,2024-04-10 01:00:00,68976.0,True,164.17011334315526,328176.0565729674,2051.117252325581
long,331464.5994179634,okx,bitcoin,BTC/USDT,coin,2024-04-11 17:00:00,4.731277671754847,69988.1,0.001,331.4645994179634,331133.1348185454,2024-04-13 09:00:00,67145.9,True,317.68589741988376,317368.2115224639,-13764.923296081543
short,331133.1348185454,okx,bitcoin,BTCUSDCM,coin,2024-04-11 17:00:00,4.7286552908427435,69991.9,0.0005,165.56656740927272,330967.56825113617,2024-04-13 09:00:00,67160.2,True,158.78871753202841,317418.6463465248,13548.921904611343
long,1059423.4558535686,binance,bitcoin,BTC/USDT,coin,2024-04-27 17:00:00,16.81230517654736,62951.75,0.001,1059.4234558535686,1058364.0323977151,2024-05-03 01:00:00,59060.6,True,992.944831109993,991951.886278883,-66412.14611883217
short,1058364.0323977151,binance,bitcoin,BTCUSDCM,coin,2024-04-27 17:00:00,16.816761685841772,62903.6,0.0005,529.1820161988576,1057834.8503815164,2024-05-03 01:00:00,59040.0,True,496.4308049660491,992365.1791271322,65469.671254384215
long,165734.65934126155,okx,ethereum,ETH/USDT,coin,2024-04-28 09:00:00,50.04214021136505,3308.59,0.001,165.73465934126156,165568.9246819203,2024-05-01 01:00:00,2928.7,True,146.5584160370248,146411.85762098778,-19157.067060932517
short,165568.9246819203,okx,ethereum,ETHUSDCM,coin,2024-04-28 09:00:00,50.020445179825515,3308.37,0.0005,82.78446234096015,165486.14021957933,2024-05-01 01:00:00,2925.83,True,73.17565956024444,146278.14346092864,19207.996758650697
long,497225.84591039276,okx,ethereum,ETH/USDT,usd,2024-04-29 01:00:00,149.74560091177136,3317.15,0.001,497.22584591039276,496728.6200644824,2024-05-02 09:00:00,2929.4,True,438.66476331094304,438226.0985476321,-58502.52151685028
short,496728.6200644824,okx,ethereum,ETHUSDT,usd,2024-04-29 01:00:00,149.6770452167615,3317.01,0.0005,248.3643100322412,496480.25575445016,2024-05-02 09:00:00,2929.32,True,219.22598104718193,438232.73611331667,58247.51964113349
long,177263.23576872883,bybit,ethereum,ETH/USDT,coin,2024-05-02 09:00:00,60.46015238563731,2928.97,0.001,177.26323576872883,177085.9725329601,2024-05-03 17:00:00,2979.8,True,180.15916207872206,179979.00291664334,2893.0303836832463
short,177085.9725329601,bybit,ethereum,ETHUSDCM,coin,2024-05-02 09:00:00,60.49960698288024,2925.45,0.00055,97.39728489312806,176988.57524806698,2024-05-03 17:00:00,2978.55,True,99.11060740837188,180101.99377144958,-3113.4185233825992
long,531786.0274268391,bybit,ethereum,ETH/USDT,usd,2024-05-03 01:00:00,177.0965535700421,2999.8,0.001,531.7860274268392,531254.2413994123,2024-06-21 01:00:00,3536.38,True,626.2807101140255,625654.4294039115,94400.18800449918
short,531254.2413994123,bybit,ethereum,ETHUSDT,usd,2024-05-03 01:00:00,177.05404087761144,2998.87,0.00055,292.1898327696768,530962.0515666426,2024-06-21 01:00:00,3535.41,True,344.27724466251397,625614.3494144537,-94652.29784781113
long,165735.27411078612,okx,ethereum,ETH/USDT,coin,2024-05-05 01:00:00,52.766122390424925,3137.8,0.001,165.73527411078612,165569.53883667535,2024-05-08 09:00:00,3032.51,True,160.01379381018748,159853.7800163773,-5715.7588202980405
short,165569.53883667535,okx,ethereum,ETHUSDCM,coin,2024-05-05 01:00:00,52.72276884145808,3138.81,0.0005,82.78476941833767,165486.75406725702,2024-05-08 09:00:00,3033.2,True,79.95935122495531,159838.7430986857,5648.010968571325
long,331476.7339948341,okx,bitcoin,BTC/USDT,coin,2024-05-06 01:00:00,5.183807586028946,63880.7,0.001,331.47673399483415,331145.2572608393,2024-05-09 09:00:00,61673.0,True,319.7009652531632,319381.26428791,-11763.992972929263
short,331145.2572608393,okx,bitcoin,BTCUSDCM,coin,2024-05-06 01:00:00,5.179075323903116,63907.1,0.0005,165.57262863041964,330979.68463220884,2024-05-09 09:00:00,61668.9,True,159.69393912112446,319228.18430312775,11751.500329081086
long,497223.6447139629,okx,ethereum,ETH/USDT,usd,2024-05-07 17:00:00,162.13496963411376,3063.66,0.001,497.2236447139629,496726.4210692489,2024-05-25 17:00:00,3739.64,True,606.3264178425171,605720.0914246746,108993.67035542568
short,496726.4210692489,okx,ethereum,ETHUSDT,usd,2024-05-07 17:00:00,162.05125741624184,3063.71,0.0005,248.36321053462447,496478.0578587143,2024-05-25 17:00:00,3739.43,True,302.9896667600086,605676.3438532572,-109198.28599454294
long,177275.7465850384,bybit,ethereum,ETH/USDT,coin,2024-05-08 09:00:00,58.40419974291818,3032.29,0.001,177.2757465850384,177098.47083845336,,,False,,,
short,177098.47083845336,bybit,ethereum,ETHUSDCM,coin,2024-05-08 09:00:00,58.401737747914616,3030.75,0.00055,97.40415896114935,177001.0666794922,,,False,,,
long,1060585.4461888247,binance,bitcoin,BTC/USDT,coin,2024-05-08 17:00:00,17.01417419668945,62273.07,0.001,1060.5854461888248,1059524.8607426358,2024-05-10 01:00:00,63074.0,True,1073.1520232819903,1072078.8712587084,12554.010516072623
short,1059524.8607426358,binance,bitcoin,BTCUSDCM,coin,2024-05-08 17:00:00,17.016343129354766,62234.0,0.0005,529.7624303713179,1058995.0983122645,2024-05-10 01:00:00,63034.2,True,536.3057880421871,1072075.270296332,-13080.17198406742
long,1418329.4832608432,bybit,bitcoin,BTC/USDT,usd,2024-05-09 09:00:00,22.9754535387187,61670.65,0.001,1418.3294832608433,1416911.1537775823,2024-06-16 17:00:00,66482.85,True,1527.4736312966047,1525946.157665308,109035.00388772576
short,1416911.1537775823,bybit,bitcoin,BTCUSDT,usd,2024-05-09 09:00:00,22.972744348890476,61644.0,0.00055,779.3011345776704,1416131.8526430046,2024-06-16 17:00:00,66450.2,True,839.598901092953,1525703.8576315488,-109572.00498854415
long,331498.4577114353,okx,bitcoin,BTC/USDT,coin,2024-05-10 01:00:00,5.302913679002784,62450.0,0.001,331.49845771143526,331166.95925372385,2024-05-15 09:00:00,61947.3,True,328.50118454728914,328172.6833627419,-2994.275890981953
short,331166.95925372385,okx,bitcoin,BTCUSDCM,coin,2024-05-10 01:00:00,5.300924307184837,62442.2,0.0005,165.58347962686193,331001.375774097,2024-05-15 09:00:00,61924.8,True,164.1293387687798,328094.5481987908,2906.8275753061753
long,165749.22885571764,okx,ethereum,ETH/USDT,coin,2024-05-10 01:00:00,54.799389609866836,3021.63,0.001,165.74922885571763,165583.47962686192,2024-05-16 09:00:00,3013.82,True,165.15549639400888,164990.34089761486,-593.1387292470608
short,165583.47962686192,okx,ethereum,ETHUSDCM,coin,2024-05-10 01:00:00,54.77235245019989,3021.61,0.0005,82.79173981343097,165500.6878870485,2024-05-16 09:00:00,3015.22,True,82.57534627744585,165068.11720861425,432.5706784342474
long,4243312.4154304825,binance,bitcoin,BTC/USDT,usd,2024-05-11 01:00:00,69.72154276694869,60799.99,0.001,4243.312415430482,4239069.103015052,,,False,,,
short,4239069.103015052,binance,bitcoin,BTCUSDT,usd,2024-05-11 01:00:00,69.71189523287282,60778.0,0.0005,2119.534551507526,4236949.568463544,,,False,,,
long,995002.2135202272,okx,bitcoin,BTC/USDT,usd,2024-05-14 17:00:00,16.084753597711046,61798.1,0.001,995.0022135202272,994007.211306707,2024-05-18 01:00:00,67052.0,True,1078.514898233721,1077436.3833354872,83429.17202878022
short,994007.211306707,okx,bitcoin,BTCUSDT,usd,2024-05-14 17:00:00,16.077777902402396,61794.0,0.0005,497.00360565335353,993510.2077010537,2024-05-18 01:00:00,67047.9,True,538.9906225112428,1077442.2543999744,-83932.04669892066
long,165788.3953510097,okx,ethereum,ETH/USDT,coin,2024-05-18 01:00:00,53.689378978957905,3084.83,0.001,165.7883953510097,165622.6069556587,2024-06-10 09:00:00,3684.17,True,197.80079935290735,197602.99855355444,31980.391597895738
short,165622.6069556587,okx,ethereum,ETHUSDCM,coin,2024-05-18 01:00:00,53.64149384070877,3086.04,0.0005,82.81130347782936,165539.79565218088,2024-06-10 09:00:00,3683.56,True,98.79583052594059,197492.86522135523,-31953.069569174346
long,331668.00705560885,okx,bitcoin,BTC/USDT,coin,2024-05-21 09:00:00,4.648305638500994,71281.1,0.001,331.6680070556088,331336.33904855326,2024-06-08 09:00:00,69422.6,True,322.69746301939915,322374.76555637975,-8961.573492173513
short,331336.33904855326,okx,bitcoin,BTCUSDCM,coin,2024-05-21 09:00:00,4.644912807307816,71297.5,0.0005,165.66816952427664,331170.67087902897,2024-06-08 09:00:00,69403.9,True,161.18753199355547,322213.87645511737,8956.794423911604
long,995004.0211668264,okx,bitcoin,BTC/USDT,usd,2024-05-21 09:00:00,13.94491691550298,71281.1,0.001,995.0040211668264,994009.0171456595,2024-05-25 17:00:00,69099.6,True,963.5881808944898,962624.5927135953,-31384.42443206429
short,994009.0171456595,okx,bitcoin,BTCUSDT,usd,2024-05-21 09:00:00,13.93528568935821,71294.7,0.0005,497.00450857282976,993512.0126370867,2024-05-25 17:00:00,69109.4,True,481.52961641006607,962577.7032037221,30934.309433364542
long,997642.7458157304,okx,bitcoin,BTC/USDT,usd,2024-05-28 09:00:00,14.645582983765312,68050.9,0.001,997.6427458157304,996645.1030699147,2024-06-10 17:00:00,69472.1,True,1017.4594056064423,1016441.9462008358,19796.843130921014
short,996645.1030699147,okx,bitcoin,BTCUSDT,usd,2024-05-28 09:00:00,14.633378879894403,68073.6,0.0005,498.32255153495737,996146.7805183798,2024-06-10 17:00:00,69483.9,True,508.3921173763473,1016275.8426353183,-20129.062116938527
long,498920.6486627265,okx,ethereum,ETH/USDT,usd,2024-05-28 17:00:00,127.68061972970592,3903.66,0.001,498.92064866272653,498421.7280140638,2024-06-10 09:00:00,3684.17,True,470.39710878959073,469926.7116808011,-28495.01633326267
short,498421.7280140638,okx,ethereum,ETHUSDT,usd,2024-05-28 17:00:00,127.59161187421898,3904.43,0.0005,249.2108640070319,498172.5171500568,2024-06-10 09:00:00,3684.57,True,235.06011268169553,469885.16525070934,28287.351899347443
long,667258.1215584585,okx,ethereum,ETH/USDT,usd,2024-06-11 17:00:00,188.815612890652,3530.38,0.001,667.2581215584586,666590.8634369001,2024-06-13 01:00:00,3528.8,True,666.2925347685328,665626.2422337643,-964.6212031358154
short,666590.8634369001,okx,ethereum,ETHUSDT,usd,2024-06-11 17:00:00,188.72013596339838,3530.4,0.0005,333.29543171845006,666257.5680051816,2024-06-13 01:00:00,3529.22,True,333.01743912237237,665701.8608056223,555.7071995593142
long,166783.36534939636,okx,ethereum,ETH/USDT,coin,2024-06-14 09:00:00,47.72199747495187,3491.4,0.001,166.78336534939638,166616.58198404696,2024-06-18 17:00:00,3414.22,True,162.93339821893017,162770.46482071123,-3846.11716333573
short,166616.58198404696,okx,ethereum,ETHUSDCM,coin,2024-06-14 09:00:00,47.72274005417668,3489.6,0.0005,83.30829099202349,166533.27369305494,2024-06-18 17:00:00,3413.79,True,81.4577063847739,162833.95506316304,3699.3186298919027
long,358205.42122293095,bybit,bitcoin,BTC/USDT,coin,2024-06-16 17:00:00,5.382549271003093,66482.85,0.001,358.20542122293097,357847.215801708,,,False,,,
short,357847.215801708,bybit,bitcoin,BTCUSDCM,coin,2024-06-16 17:00:00,5.384192933986949,66426.0,0.00055,196.8159686909394,357650.399833017,,,False,,,
long,166776.7290756178,okx,ethereum,ETH/USDT,coin,2024-06-24 09:00:00,48.96246112669887,3402.81,0.001,166.7767290756178,166609.95234654218,,,False,,,
short,166609.95234654218,okx,ethereum,ETHUSDCM,coin,2024-06-24 09:00:00,48.96402451348689,3401.0,0.0005,83.30497617327109,166526.6473703689,,,False,,,
long,333553.8701428405,okx,bitcoin,BTC/USDT,coin,2024-06-27 09:00:00,5.45905737513819,61039.9,0.001,333.5538701428405,333220.31627269764,,,False,,,
short,333220.31627269764,okx,bitcoin,BTCUSDCM,coin,2024-06-27 09:00:00,5.4602638228891,60995.9,0.0005,166.61015813634882,333053.7061145613,,,False,,,
long,1000978.1916350143,okx,bitcoin,BTC/USDT,usd,2024-06-29 09:00:00,16.45752320881912,60761.1,0.001,1000.9781916350142,999977.2134433793,,,False,,,
short,999977.2134433793,okx,bitcoin,BTCUSDT,usd,2024-06-29 09:00:00,16.450837700626735,60755.4,0.0005,499.9886067216896,999477.2248366575,,,False,,,
